Name,Max Phase,Molecular Weight,Targets,Bioactivities,AlogP,Polar Surface Area,HBA,HBD,#RO5 Violations,#Rotatable Bonds,Passes Ro3,QED Weighted,CX LogP,CX LogD,Aromatic Rings,Heavy Atoms,HBA (Lipinski),HBD (Lipinski),#RO5 Violations (Lipinski),Np Likeness Score,Molecular Species,Molecular Formula,Smiles,Inchi Key,Inchi,Withdrawn Flag,C,H,N,O,S,F,Cl,P,Br,Log Targets,Log Bioactivities
SULFISOXAZOLE,4.0,267.31,169.0,929.0,1.67,98.22,5.0,2.0,0.0,3.0,N,0.82,0.73,-0.14,2.0,18.0,6.0,3.0,0.0,-1.82,ACID,C11H13N3O3S,Cc1noc(NS(=O)(=O)c2ccc(N)cc2)c1C,NHUHCSRWZMLRLA-UHFFFAOYSA-N,"InChI=1S/C11H13N3O3S/c1-7-8(2)13-17-11(7)14-18(15,16)10-5-3-9(12)4-6-10/h3-6,14H,12H2,1-2H3",False,11.0,13.0,3.0,3.0,1.0,0.0,0.0,0.0,0.0,2.2278867046136734,2.968015713993642
FLOMOXEF,3.0,496.47,14.0,82.0,-1.29,169.0,12.0,3.0,1.0,11.0,N,0.19,-0.11,-3.57,1.0,32.0,13.0,3.0,1.0,-1.06,ACID,C15H18F2N6O7S2,CO[C@@]1(NC(=O)CSC(F)F)C(=O)N2C(C(=O)O)=C(CSc3nnnn3CCO)CO[C@@H]21,UHRBTBZOWWGKMK-DOMZBBRYSA-N,"InChI=1S/C15H18F2N6O7S2/c1-29-15(18-8(25)6-31-13(16)17)11(28)23-9(10(26)27)7(4-30-12(15)23)5-32-14-19-20-21-22(14)2-3-24/h12-13,24H,2-6H2,1H3,(H,18,25)(H,26,27)/t12-,15+/m1/s1",False,15.0,18.0,6.0,7.0,2.0,2.0,0.0,0.0,0.0,1.146128035678238,1.9138138523837167
TAZOBACTAM,4.0,300.3,175.0,915.0,-1.52,122.46,7.0,1.0,0.0,3.0,N,0.67,-1.4,-4.89,1.0,20.0,9.0,1.0,0.0,-0.31,ACID,C10H12N4O5S,C[C@]1(Cn2ccnn2)[C@H](C(=O)O)N2C(=O)C[C@H]2S1(=O)=O,LPQZKKCYTLCDGQ-WEDXCCLWSA-N,"InChI=1S/C10H12N4O5S/c1-10(5-13-3-2-11-12-13)8(9(16)17)14-6(15)4-7(14)20(10,18)19/h2-3,7-8H,4-5H2,1H3,(H,16,17)/t7-,8+,10+/m1/s1",False,10.0,12.0,4.0,5.0,1.0,0.0,0.0,0.0,0.0,2.2430380486862944,2.9614210940664485
PENICILLIN V,4.0,350.4,74.0,274.0,0.7,95.94,5.0,2.0,0.0,5.0,N,0.76,0.76,-2.64,1.0,24.0,7.0,2.0,0.0,0.07,ACID,C16H18N2O5S,CC1(C)S[C@@H]2[C@H](NC(=O)COc3ccccc3)C(=O)N2[C@H]1C(=O)O,BPLBGHOLXOTWMN-MBNYWOFBSA-N,"InChI=1S/C16H18N2O5S/c1-16(2)12(15(21)22)18-13(20)11(14(18)24-16)17-10(19)8-23-9-6-4-3-5-7-9/h3-7,11-12,14H,8H2,1-2H3,(H,17,19)(H,21,22)/t11-,12+,14-/m1/s1",False,16.0,18.0,2.0,5.0,1.0,0.0,0.0,0.0,0.0,1.8692317197309762,2.437750562820388
CINOXACIN,4.0,262.22,96.0,211.0,0.84,90.65,6.0,1.0,0.0,2.0,N,0.86,1.72,-0.72,2.0,19.0,7.0,1.0,0.0,-0.74,ACID,C12H10N2O5,CCn1nc(C(=O)O)c(=O)c2cc3c(cc21)OCO3,VDUWPHTZYNWKRN-UHFFFAOYSA-N,"InChI=1S/C12H10N2O5/c1-2-14-7-4-9-8(18-5-19-9)3-6(7)11(15)10(13-14)12(16)17/h3-4H,2,5H2,1H3,(H,16,17)",False,12.0,10.0,2.0,5.0,0.0,0.0,0.0,0.0,0.0,1.9822712330395684,2.3242824552976926
THIAMPHENICOL,2.0,356.23,154.0,714.0,0.4,103.7,5.0,3.0,0.0,6.0,N,0.64,-0.22,-0.24,1.0,21.0,6.0,3.0,0.0,-0.15,NEUTRAL,C12H15Cl2NO5S,CS(=O)(=O)c1ccc([C@@H](O)[C@@H](CO)NC(=O)C(Cl)Cl)cc1,OTVAEFIXJLOWRX-NXEZZACHSA-N,"InChI=1S/C12H15Cl2NO5S/c1-21(19,20)8-4-2-7(3-5-8)10(17)9(6-16)15-12(18)11(13)14/h2-5,9-11,16-17H,6H2,1H3,(H,15,18)/t9-,10-/m1/s1",False,12.0,15.0,1.0,5.0,1.0,0.0,2.0,0.0,0.0,2.187520720836463,2.8536982117761744
CARUMONAM,2.0,466.41,67.0,205.0,-2.88,253.9,12.0,5.0,1.0,9.0,N,0.11,-4.94,-8.09,1.0,30.0,16.0,7.0,2.0,-0.1,ACID,C12H14N6O10S2,NC(=O)OC[C@@H]1[C@H](NC(=O)/C(=N\OCC(=O)O)c2csc(N)n2)C(=O)N1S(=O)(=O)O,UIMOJFJSJSIGLV-JNHMLNOCSA-N,"InChI=1S/C12H14N6O10S2/c13-11-15-4(3-29-11)7(17-28-2-6(19)20)9(21)16-8-5(1-27-12(14)23)18(10(8)22)30(24,25)26/h3,5,8H,1-2H2,(H2,13,15)(H2,14,23)(H,16,21)(H,19,20)(H,24,25,26)/b17-7-/t5-,8+/m1/s1",False,12.0,14.0,6.0,10.0,2.0,0.0,0.0,0.0,0.0,1.8260748027008264,2.311753861055754
CEPHALORIDINE,2.0,415.5,117.0,460.0,-0.32,93.42,6.0,1.0,0.0,6.0,N,0.52,-3.09,-3.32,2.0,28.0,7.0,1.0,0.0,-0.67,ACID,C19H17N3O4S2,O=C(Cc1cccs1)N[C@@H]1C(=O)N2C(C(=O)[O-])=C(C[n+]3ccccc3)CS[C@H]12,CZTQZXZIADLWOZ-CRAIPNDOSA-N,"InChI=1S/C19H17N3O4S2/c23-14(9-13-5-4-8-27-13)20-15-17(24)22-16(19(25)26)12(11-28-18(15)22)10-21-6-2-1-3-7-21/h1-8,15,18H,9-11H2,(H-,20,23,25,26)/t15-,18-/m1/s1",False,19.0,17.0,3.0,4.0,2.0,0.0,0.0,0.0,0.0,2.0681858617461617,2.662757831681574
CEFTAZIDIME,4.0,546.59,269.0,5697.0,-1.3,191.22,11.0,3.0,2.0,9.0,N,0.15,-4.16,-6.94,2.0,37.0,13.0,4.0,2.0,0.12,ACID,C22H22N6O7S2,CC(C)(O/N=C(\C(=O)N[C@@H]1C(=O)N2C(C(=O)[O-])=C(C[n+]3ccccc3)CS[C@H]12)c1csc(N)n1)C(=O)O,ORFOPKXBNMVMKC-DWVKKRMSSA-N,"InChI=1S/C22H22N6O7S2/c1-22(2,20(33)34)35-26-13(12-10-37-21(23)24-12)16(29)25-14-17(30)28-15(19(31)32)11(9-36-18(14)28)8-27-6-4-3-5-7-27/h3-7,10,14,18H,8-9H2,1-2H3,(H4-,23,24,25,29,31,32,33,34)/b26-13-/t14-,18-/m1/s1",False,22.0,22.0,6.0,7.0,2.0,0.0,0.0,0.0,0.0,2.429752280002408,3.75564621945668
ERTAPENEM,4.0,475.52,156.0,1781.0,0.94,156.27,7.0,5.0,0.0,7.0,N,0.36,-3.23,-6.07,1.0,33.0,10.0,5.0,0.0,0.16,ZWITTERION,C22H25N3O7S,C[C@@H](O)[C@H]1C(=O)N2C(C(=O)O)=C(S[C@@H]3CN[C@H](C(=O)Nc4cccc(C(=O)O)c4)C3)[C@H](C)[C@H]12,JUZNIMUFDBIJCM-ANEDZVCMSA-N,"InChI=1S/C22H25N3O7S/c1-9-16-15(10(2)26)20(28)25(16)17(22(31)32)18(9)33-13-7-14(23-8-13)19(27)24-12-5-3-4-11(6-12)21(29)30/h3-6,9-10,13-16,23,26H,7-8H2,1-2H3,(H,24,27)(H,29,30)(H,31,32)/t9-,10-,13+,14+,15-,16-/m1/s1",False,22.0,25.0,3.0,7.0,1.0,0.0,0.0,0.0,0.0,2.1931245983544616,3.2506639194632436
OFLOXACIN,4.0,361.37,285.0,2644.0,1.54,75.01,6.0,1.0,0.0,2.0,N,0.87,0.51,-0.47,2.0,26.0,7.0,1.0,0.0,-0.21,ACID,C18H20FN3O4,CC1COc2c(N3CCN(C)CC3)c(F)cc3c(=O)c(C(=O)O)cn1c23,GSDSWSVVBLHKDQ-UHFFFAOYSA-N,"InChI=1S/C18H20FN3O4/c1-10-9-26-17-14-11(16(23)12(18(24)25)8-22(10)14)7-13(19)15(17)21-5-3-20(2)4-6-21/h7-8,10H,3-6,9H2,1-2H3,(H,24,25)",False,18.0,20.0,3.0,4.0,0.0,1.0,0.0,0.0,0.0,2.45484486000851,3.4222614508136027
FAROPENEM,3.0,285.32,52.0,259.0,0.37,87.07,5.0,2.0,0.0,3.0,N,0.73,-0.75,-3.93,0.0,19.0,6.0,2.0,0.0,0.37,ACID,C12H15NO5S,C[C@@H](O)[C@H]1C(=O)N2C(C(=O)O)=C([C@H]3CCCO3)S[C@H]12,HGGAKXAHAYOLDJ-FHZUQPTBSA-N,"InChI=1S/C12H15NO5S/c1-5(14)7-10(15)13-8(12(16)17)9(19-11(7)13)6-3-2-4-18-6/h5-7,11,14H,2-4H2,1H3,(H,16,17)/t5-,6-,7+,11-/m1/s1",False,12.0,15.0,1.0,5.0,1.0,0.0,0.0,0.0,0.0,1.7160033436347992,2.413299764081252
PRULIFLOXACIN,3.0,461.47,55.0,110.0,2.64,109.13,9.0,1.0,0.0,4.0,N,0.63,2.55,1.24,3.0,32.0,9.0,1.0,0.0,-0.6,ACID,C21H20FN3O6S,Cc1oc(=O)oc1CN1CCN(c2cc3c(cc2F)c(=O)c(C(=O)O)c2n3C(C)S2)CC1,PWNMXPDKBYZCOO-UHFFFAOYSA-N,"InChI=1S/C21H20FN3O6S/c1-10-16(31-21(29)30-10)9-23-3-5-24(6-4-23)15-8-14-12(7-13(15)22)18(26)17(20(27)28)19-25(14)11(2)32-19/h7-8,11H,3-6,9H2,1-2H3,(H,27,28)",False,21.0,20.0,3.0,6.0,1.0,1.0,0.0,0.0,0.0,1.7403626894942439,2.041392685158225
CEFAZOLIN,4.0,454.52,144.0,730.0,-0.64,156.09,12.0,2.0,1.0,7.0,N,0.41,-1.52,-5.01,2.0,29.0,12.0,2.0,1.0,-1.85,ACID,C14H14N8O4S3,Cc1nnc(SCC2=C(C(=O)O)N3C(=O)[C@@H](NC(=O)Cn4cnnn4)[C@H]3SC2)s1,MLYYVTUWGNIJIB-BXKDBHETSA-N,"InChI=1S/C14H14N8O4S3/c1-6-17-18-14(29-6)28-4-7-3-27-12-9(11(24)22(12)10(7)13(25)26)16-8(23)2-21-5-15-19-20-21/h5,9,12H,2-4H2,1H3,(H,16,23)(H,25,26)/t9-,12-/m1/s1",False,14.0,14.0,8.0,4.0,3.0,0.0,0.0,0.0,0.0,2.1583624920952498,2.863322860120456
CIPROFLOXACIN,4.0,331.35,519.0,18740.0,1.58,74.57,5.0,2.0,0.0,3.0,N,0.89,-0.85,-0.85,2.0,24.0,6.0,2.0,0.0,-0.72,ZWITTERION,C17H18FN3O3,O=C(O)c1cn(C2CC2)c2cc(N3CCNCC3)c(F)cc2c1=O,MYSWGUAQZAJSOK-UHFFFAOYSA-N,"InChI=1S/C17H18FN3O3/c18-13-7-11-14(8-15(13)20-5-3-19-4-6-20)21(10-1-2-10)9-12(16(11)22)17(23)24/h7-10,19H,1-6H2,(H,23,24)",False,17.0,18.0,3.0,3.0,0.0,1.0,0.0,0.0,0.0,2.7151673578484576,4.272769586551759
MIDECAMYCIN,2.0,813.98,28.0,35.0,2.62,206.05,16.0,3.0,2.0,12.0,N,0.15,2.84,2.23,0.0,57.0,16.0,3.0,2.0,1.89,NEUTRAL,C41H67NO15,CCOC(=O)[C@@H]1CC(=O)O[C@H](C)C/C=C/C=C/[C@H](O)[C@H](C)C[C@H](CC=O)[C@H](O[C@@H]2O[C@H](C)[C@@H](O[C@H]3C[C@@](C)(O)[C@@H](OC(=O)CC)[C@H](C)O3)[C@H](N(C)C)[C@H]2O)[C@H]1OC,NGNBWGMTPDSDCJ-QDFUUMMMSA-N,"InChI=1S/C41H67NO15/c1-11-30(45)55-38-26(6)53-32(22-41(38,7)49)56-35-25(5)54-40(34(47)33(35)42(8)9)57-36-27(18-19-43)20-23(3)29(44)17-15-13-14-16-24(4)52-31(46)21-28(37(36)50-10)39(48)51-12-2/h13-15,17,19,23-29,32-38,40,44,47,49H,11-12,16,18,20-22H2,1-10H3/b14-13+,17-15+/t23-,24-,25-,26+,27+,28-,29+,32+,33-,34-,35-,36+,37+,38+,40+,41-/m1/s1",False,41.0,67.0,1.0,15.0,0.0,0.0,0.0,0.0,0.0,1.4471580313422192,1.5440680443502757
TEMAFLOXACIN,4.0,417.39,136.0,583.0,2.9,74.57,5.0,2.0,0.0,3.0,N,0.69,1.06,1.06,3.0,30.0,6.0,2.0,0.0,-0.78,ZWITTERION,C21H18F3N3O3,CC1CN(c2cc3c(cc2F)c(=O)c(C(=O)O)cn3-c2ccc(F)cc2F)CCN1,QKDHBVNJCZBTMR-UHFFFAOYSA-N,"InChI=1S/C21H18F3N3O3/c1-11-9-26(5-4-25-11)19-8-18-13(7-16(19)24)20(28)14(21(29)30)10-27(18)17-3-2-12(22)6-15(17)23/h2-3,6-8,10-11,25H,4-5,9H2,1H3,(H,29,30)",True,21.0,18.0,3.0,3.0,0.0,3.0,0.0,0.0,0.0,2.1335389083702174,2.765668554759014
SULFAPYRIDINE,4.0,249.3,94.0,193.0,1.46,85.08,4.0,2.0,0.0,3.0,N,0.81,1.01,0.24,2.0,17.0,5.0,3.0,0.0,-1.63,ACID,C11H11N3O2S,Nc1ccc(S(=O)(=O)Nc2ccccn2)cc1,GECHUMIMRBOMGK-UHFFFAOYSA-N,"InChI=1S/C11H11N3O2S/c12-9-4-6-10(7-5-9)17(15,16)14-11-3-1-2-8-13-11/h1-8H,12H2,(H,13,14)",False,11.0,11.0,3.0,2.0,1.0,0.0,0.0,0.0,0.0,1.9731278535996986,2.285557309007774
AMDINOCILLIN,4.0,325.43,46.0,83.0,1.41,73.21,4.0,1.0,0.0,3.0,N,0.48,-0.55,-0.66,0.0,22.0,6.0,1.0,0.0,0.38,ACID,C15H23N3O3S,CC1(C)S[C@@H]2[C@H](/N=C/N3CCCCCC3)C(=O)N2[C@H]1C(=O)O,BWWVAEOLVKTZFQ-ISVUSNJMSA-N,"InChI=1S/C15H23N3O3S/c1-15(2)11(14(20)21)18-12(19)10(13(18)22-15)16-9-17-7-5-3-4-6-8-17/h9-11,13H,3-8H2,1-2H3,(H,20,21)/b16-9+/t10-,11+,13-/m1/s1",False,15.0,23.0,3.0,3.0,1.0,0.0,0.0,0.0,0.0,1.662757831681574,1.919078092376074
SULFALENE,4.0,280.31,44.0,64.0,0.87,107.2,6.0,2.0,0.0,4.0,N,0.8,0.23,-0.62,2.0,19.0,7.0,3.0,0.0,-1.49,ACID,C11H12N4O3S,COc1nccnc1NS(=O)(=O)c1ccc(N)cc1,KXRZBTAEDBELFD-UHFFFAOYSA-N,"InChI=1S/C11H12N4O3S/c1-18-11-10(13-6-7-14-11)15-19(16,17)9-4-2-8(12)3-5-9/h2-7H,12H2,1H3,(H,13,15)",False,11.0,12.0,4.0,3.0,1.0,0.0,0.0,0.0,0.0,1.6434526764861874,1.806179973983887
CEPHALEXIN,4.0,365.41,10.0,10.0,0.44,112.73,5.0,3.0,0.0,4.0,N,0.68,-2.14,-2.5,1.0,24.0,7.0,4.0,0.0,0.27,ACID,C16H19N3O5S,CC1=C(C(=O)O)N2C(=O)[C@@H](NC(=O)[C@H](N)c3ccccc3)[C@H]2SC1.O,AVGYWQBCYZHHPN-CYJZLJNKSA-N,"InChI=1S/C16H17N3O4S.H2O/c1-8-7-24-15-11(14(21)19(15)12(8)16(22)23)18-13(20)10(17)9-5-3-2-4-6-9;/h2-6,10-11,15H,7,17H2,1H3,(H,18,20)(H,22,23);1H2/t10-,11-,15-;/m1./s1",False,16.0,19.0,3.0,5.0,1.0,0.0,0.0,0.0,0.0,1.0,1.0
CEFOXITIN,4.0,427.46,215.0,2008.0,0.1,148.26,8.0,3.0,0.0,7.0,N,0.41,0.29,-3.12,1.0,28.0,10.0,4.0,0.0,-0.15,ACID,C16H17N3O7S2,CO[C@@]1(NC(=O)Cc2cccs2)C(=O)N2C(C(=O)O)=C(COC(N)=O)CS[C@@H]21,WZOZEZRFJCJXNZ-ZBFHGGJFSA-N,"InChI=1S/C16H17N3O7S2/c1-25-16(18-10(20)5-9-3-2-4-27-9)13(23)19-11(12(21)22)8(6-26-15(17)24)7-28-14(16)19/h2-4,14H,5-7H2,1H3,(H2,17,24)(H,18,20)(H,21,22)/t14-,16+/m1/s1",False,16.0,17.0,3.0,7.0,2.0,0.0,0.0,0.0,0.0,2.3324384599156054,3.3027637084729817
MIOCAMYCIN,-1.0,898.05,34.0,88.0,3.91,218.19,18.0,1.0,2.0,14.0,N,0.15,4.07,3.45,0.0,63.0,18.0,1.0,2.0,2.0,NEUTRAL,C45H71NO17,CCC(=O)O[C@@H]1CC(=O)O[C@H](C)C/C=C/C=C/[C@H](OC(C)=O)[C@H](C)C[C@H](CC=O)[C@H](O[C@@H]2O[C@H](C)[C@@H](O[C@H]3C[C@@](C)(OC(C)=O)[C@@H](OC(=O)CC)[C@H](C)O3)[C@H](N(C)C)[C@H]2O)[C@H]1OC,GQNZGCARKRHPOH-RQIKCTSVSA-N,"InChI=1S/C45H71NO17/c1-13-34(50)59-33-23-36(52)55-26(4)18-16-15-17-19-32(58-29(7)48)25(3)22-31(20-21-47)41(42(33)54-12)62-44-39(53)38(46(10)11)40(27(5)57-44)61-37-24-45(9,63-30(8)49)43(28(6)56-37)60-35(51)14-2/h15-17,19,21,25-28,31-33,37-44,53H,13-14,18,20,22-24H2,1-12H3/b16-15+,19-17+/t25-,26-,27-,28+,31+,32+,33-,37+,38-,39-,40-,41+,42+,43+,44+,45-/m1/s1",False,45.0,71.0,1.0,17.0,0.0,0.0,0.0,0.0,0.0,1.5314789170422551,1.9444826721501687
CEFOTIAM,4.0,525.64,39.0,86.0,-0.65,172.46,13.0,3.0,2.0,10.0,N,0.26,-3.09,-3.11,2.0,34.0,13.0,4.0,2.0,-1.77,ACID,C18H23N9O4S3,CN(C)CCn1nnnc1SCC1=C(C(=O)O)N2C(=O)[C@@H](NC(=O)Cc3csc(N)n3)[C@H]2SC1,QYQDKDWGWDOFFU-IUODEOHRSA-N,"InChI=1S/C18H23N9O4S3/c1-25(2)3-4-26-18(22-23-24-26)34-7-9-6-32-15-12(14(29)27(15)13(9)16(30)31)21-11(28)5-10-8-33-17(19)20-10/h8,12,15H,3-7H2,1-2H3,(H2,19,20)(H,21,28)(H,30,31)/t12-,15-/m1/s1",False,18.0,23.0,9.0,4.0,3.0,0.0,0.0,0.0,0.0,1.591064607026499,1.9344984512435677
GREPAFLOXACIN,4.0,359.4,150.0,417.0,2.28,74.57,5.0,2.0,0.0,3.0,N,0.88,0.08,0.08,2.0,26.0,6.0,2.0,0.0,-0.45,ZWITTERION,C19H22FN3O3,Cc1c(F)c(N2CCNC(C)C2)cc2c1c(=O)c(C(=O)O)cn2C1CC1,AIJTTZAVMXIJGM-UHFFFAOYSA-N,"InChI=1S/C19H22FN3O3/c1-10-8-22(6-5-21-10)15-7-14-16(11(2)17(15)20)18(24)13(19(25)26)9-23(14)12-3-4-12/h7,9-10,12,21H,3-6,8H2,1-2H3,(H,25,26)",True,19.0,22.0,3.0,3.0,0.0,1.0,0.0,0.0,0.0,2.1760912590556813,2.6201360549737576
CEFCAPENE,2.0,453.5,3.0,5.0,0.35,177.94,9.0,4.0,0.0,7.0,N,0.33,-1.06,-3.35,1.0,30.0,11.0,6.0,2.0,0.16,ACID,C17H19N5O6S2,CC/C=C(\C(=O)N[C@@H]1C(=O)N2C(C(=O)O)=C(COC(N)=O)CS[C@H]12)c1csc(N)n1,HJJRIJDTIPFROI-NVKITGPLSA-N,"InChI=1S/C17H19N5O6S2/c1-2-3-8(9-6-30-16(18)20-9)12(23)21-10-13(24)22-11(15(25)26)7(4-28-17(19)27)5-29-14(10)22/h3,6,10,14H,2,4-5H2,1H3,(H2,18,20)(H2,19,27)(H,21,23)(H,25,26)/b8-3-/t10-,14-/m1/s1",False,17.0,19.0,5.0,6.0,2.0,0.0,0.0,0.0,0.0,0.47712125471966244,0.6989700043360189
NORFLOXACIN,4.0,319.34,342.0,4788.0,1.27,74.57,5.0,2.0,0.0,3.0,N,0.89,-0.96,-0.96,2.0,23.0,6.0,2.0,0.0,-0.97,ZWITTERION,C16H18FN3O3,CCn1cc(C(=O)O)c(=O)c2cc(F)c(N3CCNCC3)cc21,OGJPXUAPXNRGGI-UHFFFAOYSA-N,"InChI=1S/C16H18FN3O3/c1-2-19-9-11(16(22)23)15(21)10-7-12(17)14(8-13(10)19)20-5-3-18-4-6-20/h7-9,18H,2-6H2,1H3,(H,22,23)",False,16.0,18.0,3.0,3.0,0.0,1.0,0.0,0.0,0.0,2.534026106056135,3.680154141734373
ROXITHROMYCIN,4.0,837.06,162.0,743.0,2.21,216.89,17.0,5.0,2.0,13.0,N,0.08,3.0,1.32,0.0,58.0,17.0,5.0,2.0,1.44,BASE,C41H76N2O15,CC[C@H]1OC(=O)[C@H](C)[C@@H](O[C@H]2C[C@@](C)(OC)[C@@H](O)[C@H](C)O2)[C@H](C)[C@@H](O[C@@H]2O[C@H](C)C[C@H](N(C)C)[C@H]2O)[C@](C)(O)C[C@@H](C)/C(=N\OCOCCOC)[C@H](C)[C@@H](O)[C@]1(C)O,RXZBMPWDPOLZGW-XMRMVWPWSA-N,"InChI=1S/C41H76N2O15/c1-15-29-41(10,49)34(45)24(4)31(42-53-21-52-17-16-50-13)22(2)19-39(8,48)36(58-38-32(44)28(43(11)12)18-23(3)54-38)25(5)33(26(6)37(47)56-29)57-30-20-40(9,51-14)35(46)27(7)55-30/h22-30,32-36,38,44-46,48-49H,15-21H2,1-14H3/b42-31+/t22-,23-,24+,25+,26-,27+,28+,29-,30+,32-,33+,34-,35+,36-,38+,39-,40-,41-/m1/s1",False,41.0,76.0,2.0,15.0,0.0,0.0,0.0,0.0,0.0,2.2095150145426308,2.8709888137605755
CEFIDEROCOL,4.0,752.23,11.0,58.0,-0.18,256.9,14.0,6.0,3.0,13.0,N,0.05,-2.93,-5.66,2.0,50.0,17.0,7.0,3.0,0.01,ACID,C30H34ClN7O10S2,CC(C)(O/N=C(\C(=O)N[C@@H]1C(=O)N2C(C(=O)[O-])=C(C[N+]3(CCNC(=O)c4ccc(O)c(O)c4Cl)CCCC3)CS[C@H]12)c1csc(N)n1)C(=O)O,DBPPRLRVDVJOCL-FQRUVTKNSA-N,"InChI=1S/C30H34ClN7O10S2/c1-30(2,28(46)47)48-36-19(16-13-50-29(32)34-16)24(42)35-20-25(43)37-21(27(44)45)14(12-49-26(20)37)11-38(8-3-4-9-38)10-7-33-23(41)15-5-6-17(39)22(40)18(15)31/h5-6,13,20,26H,3-4,7-12H2,1-2H3,(H7-,32,33,34,35,36,39,40,41,42,44,45,46,47)/t20-,26-/m1/s1",False,30.0,34.0,7.0,10.0,2.0,0.0,1.0,0.0,0.0,1.0413926851582251,1.7634279935629373
CLOFOCTOL,2.0,365.34,65.0,108.0,7.0,20.23,1.0,1.0,1.0,4.0,N,0.62,7.99,7.99,2.0,24.0,1.0,1.0,1.0,-0.64,NEUTRAL,C21H26Cl2O,CC(C)(C)CC(C)(C)c1ccc(O)c(Cc2ccc(Cl)cc2Cl)c1,HQVZOORKDNCGCK-UHFFFAOYSA-N,"InChI=1S/C21H26Cl2O/c1-20(2,3)13-21(4,5)16-7-9-19(24)15(11-16)10-14-6-8-17(22)12-18(14)23/h6-9,11-12,24H,10,13H2,1-5H3",False,21.0,26.0,0.0,1.0,0.0,0.0,2.0,0.0,0.0,1.8129133566428555,2.03342375548695
METRONIDAZOLE,4.0,171.16,330.0,3549.0,0.09,81.19,5.0,1.0,0.0,3.0,N,0.52,-0.46,-0.46,1.0,12.0,6.0,1.0,0.0,-1.67,NEUTRAL,C6H9N3O3,Cc1ncc([N+](=O)[O-])n1CCO,VAOCPAMSLUNLGC-UHFFFAOYSA-N,"InChI=1S/C6H9N3O3/c1-5-7-4-6(9(11)12)8(5)2-3-10/h4,10H,2-3H2,1H3",False,6.0,9.0,3.0,3.0,0.0,0.0,0.0,0.0,0.0,2.5185139398778875,3.550105999347593
ROSOXACIN,4.0,294.31,14.0,36.0,2.78,72.19,4.0,1.0,0.0,3.0,N,0.81,1.89,0.71,3.0,22.0,5.0,1.0,0.0,-0.66,ACID,C17H14N2O3,CCn1cc(C(=O)O)c(=O)c2ccc(-c3ccncc3)cc21,XBPZXDSZHPDXQU-UHFFFAOYSA-N,"InChI=1S/C17H14N2O3/c1-2-19-10-14(17(21)22)16(20)13-4-3-12(9-15(13)19)11-5-7-18-8-6-11/h3-10H,2H2,1H3,(H,21,22)",False,17.0,14.0,2.0,3.0,0.0,0.0,0.0,0.0,0.0,1.146128035678238,1.5563025007672873
SULFAMETHAZINE,4.0,278.34,155.0,419.0,1.48,97.97,5.0,2.0,0.0,3.0,N,0.83,0.65,0.21,2.0,19.0,6.0,3.0,0.0,-1.56,NEUTRAL,C12H14N4O2S,Cc1cc(C)nc(NS(=O)(=O)c2ccc(N)cc2)n1,ASWVTGNCAZCNNR-UHFFFAOYSA-N,"InChI=1S/C12H14N4O2S/c1-8-7-9(2)15-12(14-8)16-19(17,18)11-5-3-10(13)4-6-11/h3-7H,13H2,1-2H3,(H,14,15,16)",False,12.0,14.0,4.0,2.0,1.0,0.0,0.0,0.0,0.0,2.1903316981702914,2.622214022966295
METHACYCLINE,4.0,442.42,67.0,104.0,-0.44,181.62,9.0,6.0,1.0,2.0,N,0.33,-3.51,-3.81,1.0,32.0,10.0,7.0,1.0,1.56,ACID,C22H22N2O8,C=C1c2cccc(O)c2C(=O)C2=C(O)[C@]3(O)C(=O)C(C(N)=O)=C(O)[C@@H](N(C)C)[C@@H]3[C@@H](O)[C@H]12,MHIGBKBJSQVXNH-IWVLMIASSA-N,"InChI=1S/C22H22N2O8/c1-7-8-5-4-6-9(25)11(8)16(26)12-10(7)17(27)14-15(24(2)3)18(28)13(21(23)31)20(30)22(14,32)19(12)29/h4-6,10,14-15,17,25,27-29,32H,1H2,2-3H3,(H2,23,31)/t10-,14-,15+,17+,22+/m1/s1",False,22.0,22.0,2.0,8.0,0.0,0.0,0.0,0.0,0.0,1.8260748027008264,2.0170333392987803
CLARITHROMYCIN,4.0,747.96,243.0,3276.0,2.44,182.91,14.0,4.0,2.0,8.0,N,0.27,3.24,2.22,0.0,52.0,14.0,4.0,2.0,1.77,NEUTRAL,C38H69NO13,CC[C@H]1OC(=O)[C@H](C)[C@@H](O[C@H]2C[C@@](C)(OC)[C@@H](O)[C@H](C)O2)[C@H](C)[C@@H](O[C@@H]2O[C@H](C)C[C@H](N(C)C)[C@H]2O)[C@](C)(OC)C[C@@H](C)C(=O)[C@H](C)[C@@H](O)[C@]1(C)O,AGOYDEPGAOXOCK-KCBOHYOISA-N,"InChI=1S/C38H69NO13/c1-15-26-38(10,45)31(42)21(4)28(40)19(2)17-37(9,47-14)33(52-35-29(41)25(39(11)12)16-20(3)48-35)22(5)30(23(6)34(44)50-26)51-27-18-36(8,46-13)32(43)24(7)49-27/h19-27,29-33,35,41-43,45H,15-18H2,1-14H3/t19-,20-,21+,22+,23-,24+,25+,26-,27+,29-,30+,31-,32+,33-,35+,36-,37-,38-/m1/s1",False,38.0,69.0,1.0,13.0,0.0,0.0,0.0,0.0,0.0,2.385606273598312,3.5153438930883807
SULFAPHENAZOLE,4.0,314.37,152.0,881.0,2.26,90.01,5.0,2.0,0.0,4.0,N,0.72,1.81,1.28,3.0,22.0,6.0,3.0,0.0,-1.89,NEUTRAL,C15H14N4O2S,Nc1ccc(S(=O)(=O)Nc2ccnn2-c2ccccc2)cc1,QWCJHSGMANYXCW-UHFFFAOYSA-N,"InChI=1S/C15H14N4O2S/c16-12-6-8-14(9-7-12)22(20,21)18-15-10-11-17-19(15)13-4-2-1-3-5-13/h1-11,18H,16H2",False,15.0,14.0,4.0,2.0,1.0,0.0,0.0,0.0,0.0,2.1818435879447726,2.9449759084120477
CHLORAMPHENICOL,4.0,323.13,448.0,6167.0,0.91,112.7,5.0,3.0,0.0,6.0,N,0.41,0.88,0.86,1.0,20.0,7.0,3.0,0.0,-0.11,NEUTRAL,C11H12Cl2N2O5,O=C(N[C@H](CO)[C@H](O)c1ccc([N+](=O)[O-])cc1)C(Cl)Cl,WIIZWVCIJKGZOK-RKDXNWHRSA-N,"InChI=1S/C11H12Cl2N2O5/c12-10(13)11(18)14-8(5-16)9(17)6-1-3-7(4-2-6)15(19)20/h1-4,8-10,16-17H,5H2,(H,14,18)/t8-,9-/m1/s1",True,11.0,12.0,2.0,5.0,0.0,0.0,2.0,0.0,0.0,2.651278013998144,3.7900739484263046
TEBIPENEM PIVOXIL,3.0,497.64,18.0,31.0,1.67,108.74,10.0,1.0,0.0,6.0,N,0.33,1.59,1.56,0.0,33.0,9.0,1.0,0.0,0.35,NEUTRAL,C22H31N3O6S2,C[C@@H](O)[C@H]1C(=O)N2C(C(=O)OCOC(=O)C(C)(C)C)=C(SC3CN(C4=NCCS4)C3)[C@H](C)[C@H]12,SNUDIPVBUUXCDG-QHSBEEBCSA-N,"InChI=1S/C22H31N3O6S2/c1-11-15-14(12(2)26)18(27)25(15)16(19(28)30-10-31-20(29)22(3,4)5)17(11)33-13-8-24(9-13)21-23-6-7-32-21/h11-15,26H,6-10H2,1-5H3/t11-,12-,14-,15-/m1/s1",False,22.0,31.0,3.0,6.0,2.0,0.0,0.0,0.0,0.0,1.255272505103306,1.4913616938342726
CEFTAROLINE FOSAMIL,4.0,684.7,108.0,957.0,-0.11,223.24,14.0,4.0,2.0,11.0,N,0.07,-3.71,-6.83,3.0,43.0,16.0,4.0,2.0,-0.67,ACID,C22H21N8O8PS4,CCO/N=C(\C(=O)N[C@@H]1C(=O)N2C(C(=O)[O-])=C(Sc3nc(-c4cc[n+](C)cc4)cs3)CS[C@H]12)c1nsc(NP(=O)(O)O)n1,ZCCUWMICIWSJIX-NQJJCJBVSA-N,"InChI=1S/C22H21N8O8PS4/c1-3-38-26-13(16-25-21(43-28-16)27-39(35,36)37)17(31)24-14-18(32)30-15(20(33)34)12(9-40-19(14)30)42-22-23-11(8-41-22)10-4-6-29(2)7-5-10/h4-8,14,19H,3,9H2,1-2H3,(H4-,24,25,27,28,31,33,34,35,36,37)/b26-13-/t14-,19-/m1/s1",False,22.0,21.0,8.0,8.0,4.0,0.0,0.0,1.0,0.0,2.03342375548695,2.9809119377768436
METAMPICILLIN,2.0,361.42,31.0,37.0,1.06,99.07,5.0,2.0,0.0,5.0,N,0.6,-0.38,-2.75,1.0,25.0,7.0,2.0,0.0,0.65,ACID,C17H19N3O4S,C=N[C@@H](C(=O)N[C@@H]1C(=O)N2[C@@H]1SC(C)(C)[C@@H]2C(=O)O)c1ccccc1,FZECHKJQHUVANE-MCYUEQNJSA-N,"InChI=1S/C17H19N3O4S/c1-17(2)12(16(23)24)20-14(22)11(15(20)25-17)19-13(21)10(18-3)9-7-5-4-6-8-9/h4-8,10-12,15H,3H2,1-2H3,(H,19,21)(H,23,24)/t10-,11-,12+,15-/m1/s1",False,17.0,19.0,3.0,4.0,1.0,0.0,0.0,0.0,0.0,1.4913616938342726,1.568201724066995
CEFATRIZINE,2.0,462.51,9.0,23.0,0.04,174.53,9.0,5.0,0.0,7.0,N,0.28,-2.19,-2.56,2.0,31.0,11.0,6.0,2.0,-0.11,ACID,C18H18N6O5S2,N[C@@H](C(=O)N[C@@H]1C(=O)N2C(C(=O)O)=C(CSc3c[nH]nn3)CS[C@H]12)c1ccc(O)cc1,UOCJDOLVGGIYIQ-PBFPGSCMSA-N,"InChI=1S/C18H18N6O5S2/c19-12(8-1-3-10(25)4-2-8)15(26)21-13-16(27)24-14(18(28)29)9(7-31-17(13)24)6-30-11-5-20-23-22-11/h1-5,12-13,17,25H,6-7,19H2,(H,21,26)(H,28,29)(H,20,22,23)/t12-,13-,17-/m1/s1",False,18.0,18.0,6.0,5.0,2.0,0.0,0.0,0.0,0.0,0.9542425094393249,1.3617278360175928
PIROMIDIC ACID,2.0,288.31,121.0,308.0,1.11,88.32,6.0,1.0,0.0,3.0,N,0.91,1.41,-0.38,2.0,21.0,7.0,1.0,0.0,-1.26,ACID,C14H16N4O3,CCn1cc(C(=O)O)c(=O)c2cnc(N3CCCC3)nc21,RCIMBBZXSXFZBV-UHFFFAOYSA-N,"InChI=1S/C14H16N4O3/c1-2-17-8-10(13(20)21)11(19)9-7-15-14(16-12(9)17)18-5-3-4-6-18/h7-8H,2-6H2,1H3,(H,20,21)",False,14.0,16.0,4.0,3.0,0.0,0.0,0.0,0.0,0.0,2.0827853703164503,2.4885507165004443
PIVAMPICILLIN,4.0,463.56,35.0,68.0,1.32,128.03,8.0,2.0,0.0,6.0,N,0.37,2.07,1.84,1.0,32.0,9.0,3.0,0.0,0.58,NEUTRAL,C22H29N3O6S,CC(C)(C)C(=O)OCOC(=O)[C@@H]1N2C(=O)[C@@H](NC(=O)[C@H](N)c3ccccc3)[C@H]2SC1(C)C,ZEMIJUDPLILVNQ-ZXFNITATSA-N,"InChI=1S/C22H29N3O6S/c1-21(2,3)20(29)31-11-30-19(28)15-22(4,5)32-18-14(17(27)25(15)18)24-16(26)13(23)12-9-7-6-8-10-12/h6-10,13-15,18H,11,23H2,1-5H3,(H,24,26)/t13-,14-,15+,18-/m1/s1",False,22.0,29.0,3.0,6.0,1.0,0.0,0.0,0.0,0.0,1.5440680443502757,1.8325089127062364
CEFPIROME,4.0,514.59,83.0,346.0,-1.04,153.92,10.0,2.0,1.0,7.0,N,0.21,-4.02,-3.65,2.0,35.0,11.0,3.0,2.0,-0.19,ACID,C22H22N6O5S2,CO/N=C(\C(=O)N[C@@H]1C(=O)N2C(C(=O)[O-])=C(C[n+]3cccc4c3CCC4)CS[C@H]12)c1csc(N)n1,DKOQGJHPHLTOJR-WHRDSVKCSA-N,"InChI=1S/C22H22N6O5S2/c1-33-26-15(13-10-35-22(23)24-13)18(29)25-16-19(30)28-17(21(31)32)12(9-34-20(16)28)8-27-7-3-5-11-4-2-6-14(11)27/h3,5,7,10,16,20H,2,4,6,8-9H2,1H3,(H3-,23,24,25,29,31,32)/b26-15-/t16-,20-/m1/s1",False,22.0,22.0,6.0,5.0,2.0,0.0,0.0,0.0,0.0,1.919078092376074,2.5390760987927767
AMDINOCILLIN PIVOXIL,4.0,439.58,33.0,61.0,2.41,88.51,7.0,0.0,0.0,5.0,N,0.21,2.91,2.28,0.0,30.0,8.0,0.0,0.0,0.3,NEUTRAL,C21H33N3O5S,CC(C)(C)C(=O)OCOC(=O)[C@@H]1N2C(=O)[C@@H](/N=C/N3CCCCCC3)[C@H]2SC1(C)C,NPGNOVNWUSPMDP-UTEPHESZSA-N,"InChI=1S/C21H33N3O5S/c1-20(2,3)19(27)29-13-28-18(26)15-21(4,5)30-17-14(16(25)24(15)17)22-12-23-10-8-6-7-9-11-23/h12,14-15,17H,6-11,13H2,1-5H3/b22-12+/t14-,15+,17-/m1/s1",False,21.0,33.0,3.0,5.0,1.0,0.0,0.0,0.0,0.0,1.5185139398778875,1.7853298350107671
CEFODIZIME,4.0,584.68,67.0,113.0,1.0,197.4,13.0,4.0,2.0,10.0,N,0.13,0.24,-5.49,2.0,37.0,13.0,5.0,2.0,-0.71,ACID,C20H20N6O7S4,CO/N=C(\C(=O)N[C@@H]1C(=O)N2C(C(=O)O)=C(CSc3nc(C)c(CC(=O)O)s3)CS[C@H]12)c1csc(N)n1,XDZKBRJLTGRPSS-BGZQYGJUSA-N,"InChI=1S/C20H20N6O7S4/c1-7-10(3-11(27)28)37-20(22-7)36-5-8-4-34-17-13(16(30)26(17)14(8)18(31)32)24-15(29)12(25-33-2)9-6-35-19(21)23-9/h6,13,17H,3-5H2,1-2H3,(H2,21,23)(H,24,29)(H,27,28)(H,31,32)/b25-12-/t13-,17-/m1/s1",False,20.0,20.0,6.0,7.0,4.0,0.0,0.0,0.0,0.0,1.8260748027008264,2.0530784434834195
NALIDIXIC ACID,4.0,232.24,204.0,1514.0,1.42,72.19,4.0,1.0,0.0,2.0,N,0.85,0.79,-0.45,2.0,17.0,5.0,1.0,0.0,-0.98,ACID,C12H12N2O3,CCn1cc(C(=O)O)c(=O)c2ccc(C)nc21,MHWLWQUZZRMNGJ-UHFFFAOYSA-N,"InChI=1S/C12H12N2O3/c1-3-14-6-9(12(16)17)10(15)8-5-4-7(2)13-11(8)14/h4-6H,3H2,1-2H3,(H,16,17)",False,12.0,12.0,2.0,3.0,0.0,0.0,0.0,0.0,0.0,2.3096301674258988,3.180125875164054
DIBEKACIN,2.0,451.52,11.0,62.0,-5.27,247.94,13.0,9.0,2.0,6.0,N,0.18,-5.33,-12.72,0.0,31.0,13.0,14.0,2.0,1.51,BASE,C18H37N5O8,NC[C@@H]1CC[C@@H](N)[C@@H](O[C@H]2[C@H](O)[C@@H](O[C@H]3O[C@H](CO)[C@@H](O)[C@H](N)[C@H]3O)[C@H](N)C[C@@H]2N)O1,JJCQSGDBDPYCEO-XVZSLQNASA-N,"InChI=1S/C18H37N5O8/c19-4-6-1-2-7(20)17(28-6)30-15-8(21)3-9(22)16(14(15)27)31-18-13(26)11(23)12(25)10(5-24)29-18/h6-18,24-27H,1-5,19-23H2/t6-,7+,8-,9+,10+,11-,12+,13+,14-,15+,16-,17+,18+/m0/s1",False,18.0,37.0,5.0,8.0,0.0,0.0,0.0,0.0,0.0,1.0413926851582251,1.792391689498254
CEFOPERAZONE,4.0,645.68,113.0,309.0,-1.11,220.26,13.0,4.0,2.0,9.0,N,0.14,-0.9,-4.35,2.0,44.0,17.0,4.0,2.0,-0.92,ACID,C25H27N9O8S2,CCN1CCN(C(=O)N[C@@H](C(=O)N[C@@H]2C(=O)N3C(C(=O)O)=C(CSc4nnnn4C)CS[C@H]23)c2ccc(O)cc2)C(=O)C1=O,GCFBRXLSHGKWDP-XCGNWRKASA-N,"InChI=1S/C25H27N9O8S2/c1-3-32-8-9-33(21(39)20(32)38)24(42)27-15(12-4-6-14(35)7-5-12)18(36)26-16-19(37)34-17(23(40)41)13(10-43-22(16)34)11-44-25-28-29-30-31(25)2/h4-7,15-16,22,35H,3,8-11H2,1-2H3,(H,26,36)(H,27,42)(H,40,41)/t15-,16-,22-/m1/s1",False,25.0,27.0,9.0,8.0,2.0,0.0,0.0,0.0,0.0,2.0530784434834195,2.4899584794248346
TEMOCILLIN,3.0,414.46,9.0,31.0,0.52,133.24,7.0,3.0,0.0,6.0,N,0.35,1.2,-5.37,1.0,27.0,9.0,3.0,0.0,0.05,ACID,C16H18N2O7S2,CO[C@@]1(NC(=O)C(C(=O)O)c2ccsc2)C(=O)N2[C@@H](C(=O)O)C(C)(C)S[C@@H]21,BVCKFLJARNKCSS-DWPRYXJFSA-N,"InChI=1S/C16H18N2O7S2/c1-15(2)9(12(22)23)18-13(24)16(25-3,14(18)27-15)17-10(19)8(11(20)21)7-4-5-26-6-7/h4-6,8-9,14H,1-3H3,(H,17,19)(H,20,21)(H,22,23)/t8?,9-,14+,16-/m0/s1",False,16.0,18.0,2.0,7.0,2.0,0.0,0.0,0.0,0.0,0.9542425094393249,1.4913616938342726
SARECYCLINE,4.0,487.51,1.0,2.0,0.11,173.86,10.0,5.0,0.0,5.0,N,0.28,-3.04,-3.22,1.0,35.0,11.0,6.0,2.0,1.26,ACID,C24H29N3O8,CON(C)Cc1ccc(O)c2c1C[C@H]1C[C@H]3[C@H](N(C)C)C(O)=C(C(N)=O)C(=O)[C@@]3(O)C(O)=C1C2=O,PQJQFLNBMSCUSH-SBAJWEJLSA-N,"InChI=1S/C24H29N3O8/c1-26(2)18-13-8-11-7-12-10(9-27(3)35-4)5-6-14(28)16(12)19(29)15(11)21(31)24(13,34)22(32)17(20(18)30)23(25)33/h5-6,11,13,18,28,30-31,34H,7-9H2,1-4H3,(H2,25,33)/t11-,13-,18-,24-/m0/s1",False,24.0,29.0,3.0,8.0,0.0,0.0,0.0,0.0,0.0,0.0,0.3010299956639812
CHLORTETRACYCLINE,4.0,478.89,135.0,897.0,0.44,181.62,9.0,6.0,1.0,2.0,N,0.33,-2.89,-3.33,1.0,33.0,10.0,7.0,1.0,1.38,ZWITTERION,C22H23ClN2O8,CN(C)[C@@H]1C(O)=C(C(N)=O)C(=O)[C@@]2(O)C(O)=C3C(=O)c4c(O)ccc(Cl)c4[C@@](C)(O)[C@H]3C[C@@H]12,CYDMQBQPVICBEU-XRNKAMNCSA-N,"InChI=1S/C22H23ClN2O8/c1-21(32)7-6-8-15(25(2)3)17(28)13(20(24)31)19(30)22(8,33)18(29)11(7)16(27)12-10(26)5-4-9(23)14(12)21/h4-5,7-8,15,26,28-29,32-33H,6H2,1-3H3,(H2,24,31)/t7-,8-,15-,21-,22-/m0/s1",False,22.0,23.0,2.0,8.0,0.0,0.0,1.0,0.0,0.0,2.130333768495006,2.952792443044092
"CEFPROZIL, (E)-",4.0,407.45,13.0,41.0,0.71,132.96,6.0,4.0,0.0,5.0,N,0.55,-1.92,-2.28,1.0,27.0,8.0,5.0,0.0,0.67,ACID,C18H21N3O6S,C/C=C/C1=C(C(=O)O)N2C(=O)[C@@H](NC(=O)[C@H](N)c3ccc(O)cc3)[C@H]2SC1.O,ALYUMNAHLSSTOU-CIRGZYLNSA-N,"InChI=1S/C18H19N3O5S.H2O/c1-2-3-10-8-27-17-13(16(24)21(17)14(10)18(25)26)20-15(23)12(19)9-4-6-11(22)7-5-9;/h2-7,12-13,17,22H,8,19H2,1H3,(H,20,23)(H,25,26);1H2/b3-2+;/t12-,13-,17-;/m1./s1",False,18.0,21.0,3.0,6.0,1.0,0.0,0.0,0.0,0.0,1.1139433523068367,1.6127838567197355
SPARFLOXACIN,4.0,392.41,203.0,1432.0,2.08,100.59,6.0,3.0,0.0,3.0,N,0.69,-0.07,-0.07,2.0,28.0,7.0,4.0,0.0,-0.11,ZWITTERION,C19H22F2N4O3,C[C@@H]1CN(c2c(F)c(N)c3c(=O)c(C(=O)O)cn(C4CC4)c3c2F)C[C@H](C)N1,DZZWHBIBMUVIIW-DTORHVGOSA-N,"InChI=1S/C19H22F2N4O3/c1-8-5-24(6-9(2)23-8)17-13(20)15(22)12-16(14(17)21)25(10-3-4-10)7-11(18(12)26)19(27)28/h7-10,23H,3-6,22H2,1-2H3,(H,27,28)/t8-,9+",False,19.0,22.0,4.0,3.0,0.0,2.0,0.0,0.0,0.0,2.307496037913213,3.1559430179718366
AZTREONAM,4.0,435.44,263.0,2862.0,-1.17,201.58,10.0,4.0,0.0,7.0,N,0.17,-3.08,-6.12,1.0,28.0,13.0,5.0,1.0,0.09,ACID,C13H17N5O8S2,C[C@H]1[C@H](NC(=O)/C(=N\OC(C)(C)C(=O)O)c2csc(N)n2)C(=O)N1S(=O)(=O)O,WZPBZJONDBGPKJ-VEHQQRBSSA-N,"InChI=1S/C13H17N5O8S2/c1-5-7(10(20)18(5)28(23,24)25)16-9(19)8(6-4-27-12(14)15-6)17-26-13(2,3)11(21)22/h4-5,7H,1-3H3,(H2,14,15)(H,16,19)(H,21,22)(H,23,24,25)/b17-8-/t5-,7-/m0/s1",False,13.0,17.0,5.0,8.0,2.0,0.0,0.0,0.0,0.0,2.419955748489758,3.4566696294237578
AMOXICILLIN,4.0,365.41,376.0,4005.0,0.02,132.96,6.0,4.0,0.0,4.0,N,0.55,-2.31,-2.67,1.0,25.0,8.0,5.0,0.0,0.94,ACID,C16H19N3O5S,CC1(C)S[C@@H]2[C@H](NC(=O)[C@H](N)c3ccc(O)cc3)C(=O)N2[C@H]1C(=O)O,LSQZJLSUYDQPKJ-NJBDSQKTSA-N,"InChI=1S/C16H19N3O5S/c1-16(2)11(15(23)24)19-13(22)10(14(19)25-16)18-12(21)9(17)7-3-5-8(20)6-4-7/h3-6,9-11,14,20H,17H2,1-2H3,(H,18,21)(H,23,24)/t9-,10-,11+,14-/m1/s1",False,16.0,19.0,3.0,5.0,1.0,0.0,0.0,0.0,0.0,2.575187844927661,3.6026025204202563
CEFADROXIL,4.0,363.39,82.0,258.0,0.15,132.96,6.0,4.0,0.0,4.0,N,0.56,-2.45,-2.81,1.0,25.0,8.0,5.0,0.0,0.48,ACID,C16H17N3O5S,CC1=C(C(=O)O)N2C(=O)[C@@H](NC(=O)[C@H](N)c3ccc(O)cc3)[C@H]2SC1,BOEGTKLJZSQCCD-UEKVPHQBSA-N,"InChI=1S/C16H17N3O5S/c1-7-6-25-15-11(14(22)19(15)12(7)16(23)24)18-13(21)10(17)8-2-4-9(20)5-3-8/h2-5,10-11,15,20H,6,17H2,1H3,(H,18,21)(H,23,24)/t10-,11-,15-/m1/s1",False,16.0,17.0,3.0,5.0,1.0,0.0,0.0,0.0,0.0,1.9138138523837167,2.41161970596323
BIAPENEM,2.0,350.4,50.0,156.0,-1.89,102.37,7.0,1.0,0.0,4.0,N,0.5,-6.06,-5.44,1.0,24.0,8.0,1.0,0.0,0.67,ACID,C15H18N4O4S,C[C@@H](O)[C@H]1C(=O)N2C(C(=O)[O-])=C(SC3Cn4cnc[n+]4C3)[C@H](C)[C@H]12,MRMBZHPJVKCOMA-YJFSRANCSA-N,"InChI=1S/C15H18N4O4S/c1-7-11-10(8(2)20)14(21)19(11)12(15(22)23)13(7)24-9-3-17-5-16-6-18(17)4-9/h5-11,20H,3-4H2,1-2H3/t7-,8-,10-,11-/m1/s1",False,15.0,18.0,4.0,4.0,1.0,0.0,0.0,0.0,0.0,1.6989700043360187,2.1931245983544616
SULTAMICILLIN,4.0,594.67,63.0,99.0,-0.59,182.48,11.0,2.0,2.0,7.0,N,0.23,-0.4,-0.63,1.0,40.0,13.0,3.0,2.0,0.56,NEUTRAL,C25H30N4O9S2,CC1(C)S[C@@H]2[C@H](NC(=O)[C@H](N)c3ccccc3)C(=O)N2[C@H]1C(=O)OCOC(=O)[C@@H]1N2C(=O)C[C@H]2S(=O)(=O)C1(C)C,OPYGFNJSCUDTBT-PMLPCWDUSA-N,"InChI=1S/C25H30N4O9S2/c1-24(2)17(29-20(32)16(21(29)39-24)27-19(31)15(26)12-8-6-5-7-9-12)22(33)37-11-38-23(34)18-25(3,4)40(35,36)14-10-13(30)28(14)18/h5-9,14-18,21H,10-11,26H2,1-4H3,(H,27,31)/t14-,15-,16-,17+,18+,21-/m1/s1",False,25.0,30.0,4.0,9.0,2.0,0.0,0.0,0.0,0.0,1.7993405494535817,1.99563519459755
AMIKACIN,4.0,585.61,237.0,3391.0,-8.42,331.94,17.0,13.0,3.0,10.0,N,0.11,-8.58,-15.1,0.0,40.0,18.0,17.0,3.0,1.58,BASE,C22H43N5O13,NCC[C@H](O)C(=O)N[C@@H]1C[C@H](N)[C@@H](O[C@H]2O[C@H](CN)[C@@H](O)[C@H](O)[C@H]2O)[C@H](O)[C@H]1O[C@H]1O[C@H](CO)[C@@H](O)[C@H](N)[C@H]1O,LKCWBDHBTVXHDL-RMDFUYIESA-N,"InChI=1S/C22H43N5O13/c23-2-1-8(29)20(36)27-7-3-6(25)18(39-22-16(34)15(33)13(31)9(4-24)37-22)17(35)19(7)40-21-14(32)11(26)12(30)10(5-28)38-21/h6-19,21-22,28-35H,1-5,23-26H2,(H,27,36)/t6-,7+,8-,9+,10+,11-,12+,13+,14+,15-,16+,17-,18+,19-,21+,22+/m0/s1",False,22.0,43.0,5.0,13.0,0.0,0.0,0.0,0.0,0.0,2.374748346010104,3.5303277897780863
TEDIZOLID,4.0,370.34,35.0,347.0,1.4,106.26,8.0,1.0,0.0,4.0,N,0.74,2.12,2.12,3.0,27.0,9.0,1.0,0.0,-1.46,NEUTRAL,C17H15FN6O3,Cn1nnc(-c2ccc(-c3ccc(N4C[C@H](CO)OC4=O)cc3F)cn2)n1,XFALPSLJIHVRKE-GFCCVEGCSA-N,"InChI=1S/C17H15FN6O3/c1-23-21-16(20-22-23)15-5-2-10(7-19-15)13-4-3-11(6-14(13)18)24-8-12(9-25)27-17(24)26/h2-7,12,25H,8-9H2,1H3/t12-/m1/s1",False,17.0,15.0,6.0,3.0,0.0,1.0,0.0,0.0,0.0,1.5440680443502757,2.5403294747908736
CEFORANIDE,4.0,519.57,32.0,66.0,-0.71,193.63,11.0,4.0,2.0,10.0,N,0.23,-3.18,-6.38,2.0,35.0,13.0,5.0,2.0,-1.13,ZWITTERION,C20H21N7O6S2,NCc1ccccc1CC(=O)N[C@@H]1C(=O)N2C(C(=O)O)=C(CSc3nnnn3CC(=O)O)CS[C@H]12,SLAYUXIURFNXPG-CRAIPNDOSA-N,"InChI=1S/C20H21N7O6S2/c21-6-11-4-2-1-3-10(11)5-13(28)22-15-17(31)27-16(19(32)33)12(8-34-18(15)27)9-35-20-23-24-25-26(20)7-14(29)30/h1-4,15,18H,5-9,21H2,(H,22,28)(H,29,30)(H,32,33)/t15-,18-/m1/s1",False,20.0,21.0,7.0,6.0,2.0,0.0,0.0,0.0,0.0,1.505149978319906,1.8195439355418688
TETRACYCLINE,4.0,444.44,355.0,5269.0,-0.21,181.62,9.0,6.0,1.0,2.0,N,0.34,-3.47,-3.7,1.0,32.0,10.0,7.0,1.0,1.7,ZWITTERION,C22H24N2O8,CN(C)[C@@H]1C(O)=C(C(N)=O)C(=O)[C@@]2(O)C(O)=C3C(=O)c4c(O)cccc4[C@@](C)(O)[C@H]3C[C@@H]12,OFVLGDICTFRJMM-WESIUVDSSA-N,"InChI=1S/C22H24N2O8/c1-21(31)8-5-4-6-11(25)12(8)16(26)13-9(21)7-10-15(24(2)3)17(27)14(20(23)30)19(29)22(10,32)18(13)28/h4-6,9-10,15,25,27-28,31-32H,7H2,1-3H3,(H2,23,30)/t9-,10-,15-,21+,22-/m0/s1",False,22.0,24.0,2.0,8.0,0.0,0.0,0.0,0.0,0.0,2.550228353055094,3.721728198572788
ENOXACIN,4.0,320.32,273.0,1340.0,0.66,87.46,6.0,2.0,0.0,3.0,N,0.86,-1.01,-1.02,2.0,23.0,7.0,2.0,0.0,-1.01,ZWITTERION,C15H17FN4O3,CCn1cc(C(=O)O)c(=O)c2cc(F)c(N3CCNCC3)nc21,IDYZIJYBMGIQMJ-UHFFFAOYSA-N,"InChI=1S/C15H17FN4O3/c1-2-19-8-10(15(22)23)12(21)9-7-11(16)14(18-13(9)19)20-5-3-17-4-6-20/h7-8,17H,2-6H2,1H3,(H,22,23)",False,15.0,17.0,4.0,3.0,0.0,1.0,0.0,0.0,0.0,2.436162647040756,3.1271047983648077
SULFAMOXOLE,2.0,267.31,5.0,25.0,1.67,98.22,5.0,2.0,0.0,3.0,N,0.82,0.59,0.06,2.0,18.0,6.0,3.0,0.0,-1.44,NEUTRAL,C11H13N3O3S,Cc1nc(NS(=O)(=O)c2ccc(N)cc2)oc1C,CYFLXLSBHQBMFT-UHFFFAOYSA-N,"InChI=1S/C11H13N3O3S/c1-7-8(2)17-11(13-7)14-18(15,16)10-5-3-9(12)4-6-10/h3-6H,12H2,1-2H3,(H,13,14)",False,11.0,13.0,3.0,3.0,1.0,0.0,0.0,0.0,0.0,0.6989700043360189,1.3979400086720377
CEFTEZOLE,2.0,440.49,2.0,2.0,-0.94,156.09,12.0,2.0,1.0,7.0,N,0.4,-1.64,-5.14,2.0,28.0,12.0,2.0,1.0,-1.81,ACID,C13H12N8O4S3,O=C(Cn1cnnn1)N[C@@H]1C(=O)N2C(C(=O)O)=C(CSc3nncs3)CS[C@H]12,DZMVCVMFETWNIU-LDYMZIIASA-N,"InChI=1S/C13H12N8O4S3/c22-7(1-20-4-14-18-19-20)16-8-10(23)21-9(12(24)25)6(2-26-11(8)21)3-27-13-17-15-5-28-13/h4-5,8,11H,1-3H2,(H,16,22)(H,24,25)/t8-,11-/m1/s1",False,13.0,12.0,8.0,4.0,3.0,0.0,0.0,0.0,0.0,0.3010299956639812,0.3010299956639812
TALAMPICILLIN,4.0,481.53,29.0,35.0,1.65,128.03,8.0,2.0,0.0,5.0,N,0.49,2.09,1.86,2.0,34.0,9.0,3.0,0.0,0.7,NEUTRAL,C24H23N3O6S,CC1(C)S[C@@H]2[C@H](NC(=O)[C@H](N)c3ccccc3)C(=O)N2[C@H]1C(=O)OC1OC(=O)c2ccccc21,SOROUYSPFADXSN-SUWVAFIASA-N,"InChI=1S/C24H23N3O6S/c1-24(2)17(22(31)33-23-14-11-7-6-10-13(14)21(30)32-23)27-19(29)16(20(27)34-24)26-18(28)15(25)12-8-4-3-5-9-12/h3-11,15-17,20,23H,25H2,1-2H3,(H,26,28)/t15-,16-,17+,20-,23?/m1/s1",False,24.0,23.0,3.0,6.0,1.0,0.0,0.0,0.0,0.0,1.462397997898956,1.5440680443502757
GARENOXACIN,2.0,426.42,88.0,342.0,4.47,80.56,5.0,2.0,0.0,5.0,N,0.63,1.59,1.59,3.0,31.0,6.0,2.0,0.0,-0.05,ZWITTERION,C23H20F2N2O4,C[C@H]1NCc2cc(-c3ccc4c(=O)c(C(=O)O)cn(C5CC5)c4c3OC(F)F)ccc21,NJDRXTDGYFKORP-LLVKDONJSA-N,"InChI=1S/C23H20F2N2O4/c1-11-15-5-2-12(8-13(15)9-26-11)16-6-7-17-19(21(16)31-23(24)25)27(14-3-4-14)10-18(20(17)28)22(29)30/h2,5-8,10-11,14,23,26H,3-4,9H2,1H3,(H,29,30)/t11-/m1/s1",False,23.0,20.0,2.0,4.0,0.0,2.0,0.0,0.0,0.0,1.9444826721501687,2.534026106056135
DORIPENEM,4.0,420.51,201.0,2052.0,-1.6,162.06,7.0,5.0,0.0,7.0,N,0.31,-5.56,-5.57,0.0,27.0,10.0,6.0,1.0,0.73,ZWITTERION,C15H24N4O6S2,C[C@@H](O)[C@H]1C(=O)N2C(C(=O)O)=C(S[C@@H]3CN[C@H](CNS(N)(=O)=O)C3)[C@H](C)[C@H]12,AVAACINZEOAHHE-VFZPANTDSA-N,"InChI=1S/C15H24N4O6S2/c1-6-11-10(7(2)20)14(21)19(11)12(15(22)23)13(6)26-9-3-8(17-5-9)4-18-27(16,24)25/h6-11,17-18,20H,3-5H2,1-2H3,(H,22,23)(H2,16,24,25)/t6-,7-,8+,9+,10-,11-/m1/s1",False,15.0,24.0,4.0,6.0,2.0,0.0,0.0,0.0,0.0,2.303196057420489,3.3121773564397787
MEROPENEM,4.0,383.47,365.0,6482.0,-0.31,110.18,6.0,3.0,0.0,5.0,N,0.56,-4.35,-4.36,0.0,26.0,8.0,3.0,0.0,0.78,ZWITTERION,C17H25N3O5S,C[C@@H](O)[C@H]1C(=O)N2C(C(=O)O)=C(S[C@@H]3CN[C@H](C(=O)N(C)C)C3)[C@H](C)[C@H]12,DMJNNHOOLUXYBV-PQTSNVLCSA-N,"InChI=1S/C17H25N3O5S/c1-7-12-11(8(2)21)16(23)20(12)13(17(24)25)14(7)26-9-5-10(18-6-9)15(22)19(3)4/h7-12,18,21H,5-6H2,1-4H3,(H,24,25)/t7-,8-,9+,10+,11-,12-/m1/s1",False,17.0,25.0,3.0,5.0,1.0,0.0,0.0,0.0,0.0,2.5622928644564746,3.811709026696191
TROLEANDOMYCIN,4.0,813.98,75.0,125.0,3.62,184.19,16.0,0.0,2.0,9.0,N,0.19,4.3,3.7,0.0,57.0,16.0,0.0,2.0,1.38,NEUTRAL,C41H67NO15,CO[C@H]1C[C@H](O[C@H]2[C@H](C)[C@@H](O[C@@H]3O[C@H](C)C[C@H](N(C)C)[C@H]3OC(C)=O)[C@@H](C)C[C@@]3(CO3)C(=O)[C@H](C)[C@@H](OC(C)=O)[C@@H](C)[C@@H](C)OC(=O)[C@@H]2C)O[C@@H](C)[C@@H]1OC(C)=O,LQCLVBQBTUVCEQ-QTFUVMRISA-N,"InChI=1S/C41H67NO15/c1-19-17-41(18-49-41)38(46)23(5)34(53-27(9)43)21(3)25(7)52-39(47)24(6)35(56-32-16-31(48-14)36(26(8)51-32)54-28(10)44)22(4)33(19)57-40-37(55-29(11)45)30(42(12)13)15-20(2)50-40/h19-26,30-37,40H,15-18H2,1-14H3/t19-,20+,21-,22+,23+,24+,25+,26-,30-,31-,32-,33-,34-,35-,36-,37+,40-,41+/m0/s1",False,41.0,67.0,1.0,15.0,0.0,0.0,0.0,0.0,0.0,1.8750612633917,2.0969100130080562
LINCOMYCIN,4.0,406.55,157.0,955.0,-0.86,122.49,8.0,5.0,0.0,7.0,N,0.37,-0.32,-0.99,0.0,27.0,8.0,5.0,0.0,0.64,NEUTRAL,C18H34N2O6S,CCC[C@@H]1C[C@@H](C(=O)N[C@@H]([C@H]2O[C@H](SC)[C@H](O)[C@@H](O)[C@H]2O)[C@@H](C)O)N(C)C1,OJMMVQQUTAEWLP-KIDUDLJLSA-N,"InChI=1S/C18H34N2O6S/c1-5-6-10-7-11(20(3)8-10)17(25)19-12(9(2)21)16-14(23)13(22)15(24)18(26-16)27-4/h9-16,18,21-24H,5-8H2,1-4H3,(H,19,25)/t9-,10-,11+,12-,13+,14-,15-,16-,18-/m1/s1",False,18.0,34.0,2.0,6.0,1.0,0.0,0.0,0.0,0.0,2.1958996524092336,2.9800033715837464
SULFAMETER,4.0,280.31,19.0,53.0,0.87,107.2,6.0,2.0,0.0,4.0,N,0.8,0.23,-0.18,2.0,19.0,7.0,3.0,0.0,-1.33,NEUTRAL,C11H12N4O3S,COc1cnc(NS(=O)(=O)c2ccc(N)cc2)nc1,GPTONYMQFTZPKC-UHFFFAOYSA-N,"InChI=1S/C11H12N4O3S/c1-18-9-6-13-11(14-7-9)15-19(16,17)10-4-2-8(12)3-5-10/h2-7H,12H2,1H3,(H,13,14,15)",False,11.0,12.0,4.0,3.0,1.0,0.0,0.0,0.0,0.0,1.2787536009528289,1.724275869600789
ARBEKACIN,2.0,552.63,16.0,114.0,-6.4,297.27,15.0,11.0,3.0,10.0,N,0.12,-6.85,-15.61,0.0,38.0,16.0,16.0,3.0,1.54,BASE,C22H44N6O10,NCC[C@H](O)C(=O)N[C@@H]1C[C@H](N)[C@@H](O[C@H]2O[C@H](CN)CC[C@H]2N)[C@H](O)[C@H]1O[C@H]1O[C@H](CO)[C@@H](O)[C@H](N)[C@H]1O,MKKYBZZTJQGVCD-XTCKQBCOSA-N,"InChI=1S/C22H44N6O10/c23-4-3-12(30)20(34)28-11-5-10(26)18(37-21-9(25)2-1-8(6-24)35-21)17(33)19(11)38-22-16(32)14(27)15(31)13(7-29)36-22/h8-19,21-22,29-33H,1-7,23-27H2,(H,28,34)/t8-,9+,10-,11+,12-,13+,14-,15+,16+,17-,18+,19-,21+,22+/m0/s1",False,22.0,44.0,6.0,10.0,0.0,0.0,0.0,0.0,0.0,1.2041199826559248,2.0569048513364727
PENICILLIN V BENZATHINE,-1.0,941.14,8.0,10.0,0.7,95.94,5.0,2.0,0.0,5.0,N,0.76,0.76,-2.64,1.0,24.0,7.0,2.0,0.0,0.07,ACID,C48H56N6O10S2,CC1(C)S[C@@H]2[C@H](NC(=O)COc3ccccc3)C(=O)N2[C@H]1C(=O)O.CC1(C)S[C@@H]2[C@H](NC(=O)COc3ccccc3)C(=O)N2[C@H]1C(=O)O.c1ccc(CNCCNCc2ccccc2)cc1,BBTOYUUSUQNIIY-ANPZCEIESA-N,"InChI=1S/2C16H18N2O5S.C16H20N2/c2*1-16(2)12(15(21)22)18-13(20)11(14(18)24-16)17-10(19)8-23-9-6-4-3-5-7-9;1-3-7-15(8-4-1)13-17-11-12-18-14-16-9-5-2-6-10-16/h2*3-7,11-12,14H,8H2,1-2H3,(H,17,19)(H,21,22);1-10,17-18H,11-14H2/t2*11-,12+,14-;/m11./s1",False,48.0,56.0,6.0,10.0,2.0,0.0,0.0,0.0,0.0,0.9030899869919435,1.0
FLURITHROMYCIN,2.0,751.93,2.0,19.0,1.88,193.91,14.0,5.0,2.0,7.0,N,0.24,2.43,1.41,0.0,52.0,14.0,5.0,2.0,1.67,NEUTRAL,C37H66FNO13,CC[C@H]1OC(=O)[C@H](C)[C@@H](O[C@H]2C[C@@](C)(OC)[C@@H](O)[C@H](C)O2)[C@H](C)[C@@H](O[C@@H]2O[C@H](C)C[C@H](N(C)C)[C@H]2O)[C@](C)(O)C[C@](C)(F)C(=O)[C@H](C)[C@@H](O)[C@]1(C)O,XOEUHCONYHZURQ-HNUBZJOYSA-N,"InChI=1S/C37H66FNO13/c1-14-24-37(10,46)29(42)21(5)28(41)34(7,38)17-35(8,45)31(52-33-26(40)23(39(11)12)15-18(2)48-33)19(3)27(20(4)32(44)50-24)51-25-16-36(9,47-13)30(43)22(6)49-25/h18-27,29-31,33,40,42-43,45-46H,14-17H2,1-13H3/t18-,19+,20-,21+,22+,23+,24-,25+,26-,27+,29-,30+,31-,33+,34+,35-,36-,37-/m1/s1",False,37.0,66.0,1.0,13.0,0.0,1.0,0.0,0.0,0.0,0.3010299956639812,1.2787536009528289
CEFOTAXIME,4.0,455.47,340.0,4064.0,-0.62,173.51,11.0,3.0,1.0,7.0,N,0.21,-1.49,-4.2,1.0,30.0,12.0,4.0,1.0,0.13,ACID,C16H17N5O7S2,CO/N=C(\C(=O)N[C@@H]1C(=O)N2C(C(=O)O)=C(COC(C)=O)CS[C@H]12)c1csc(N)n1,GPRBEKHLDVQUJE-QSWIMTSFSA-N,"InChI=1S/C16H17N5O7S2/c1-6(22)28-3-7-4-29-14-10(13(24)21(14)11(7)15(25)26)19-12(23)9(20-27-2)8-5-30-16(17)18-8/h5,10,14H,3-4H2,1-2H3,(H2,17,18)(H,19,23)(H,25,26)/b20-9-/t10-,14-/m1/s1",False,16.0,17.0,5.0,7.0,2.0,0.0,0.0,0.0,0.0,2.531478917042255,3.6089536992758626
MOXIFLOXACIN,4.0,401.44,262.0,4404.0,2.37,83.8,6.0,2.0,0.0,4.0,N,0.82,-0.5,-0.5,2.0,29.0,7.0,2.0,0.0,0.08,ZWITTERION,C21H24FN3O4,COc1c(N2C[C@@H]3CCCN[C@@H]3C2)c(F)cc2c(=O)c(C(=O)O)cn(C3CC3)c12,FABPRXSRWADJSP-MEDUHNTESA-N,"InChI=1S/C21H24FN3O4/c1-29-20-17-13(19(26)14(21(27)28)9-25(17)12-4-5-12)7-15(22)18(20)24-8-11-3-2-6-23-16(11)10-24/h7,9,11-12,16,23H,2-6,8,10H2,1H3,(H,27,28)/t11-,16+/m0/s1",False,21.0,24.0,3.0,4.0,0.0,1.0,0.0,0.0,0.0,2.4183012913197452,3.643847310299714
CEFMENOXIME,4.0,511.57,51.0,79.0,-0.87,190.81,14.0,3.0,2.0,8.0,N,0.17,-0.93,-3.58,2.0,33.0,14.0,4.0,2.0,-1.16,ACID,C16H17N9O5S3,CO/N=C(\C(=O)N[C@@H]1C(=O)N2C(C(=O)O)=C(CSc3nnnn3C)CS[C@H]12)c1csc(N)n1,HJJDBAOLQAWBMH-YCRCPZNHSA-N,"InChI=1S/C16H17N9O5S3/c1-24-16(20-22-23-24)33-4-6-3-31-13-9(12(27)25(13)10(6)14(28)29)19-11(26)8(21-30-2)7-5-32-15(17)18-7/h5,9,13H,3-4H2,1-2H3,(H2,17,18)(H,19,26)(H,28,29)/b21-8-/t9-,13-/m1/s1",False,16.0,17.0,9.0,5.0,3.0,0.0,0.0,0.0,0.0,1.7075701760979363,1.8976270912904414
CEFACLOR,4.0,385.83,17.0,32.0,0.62,112.73,5.0,3.0,0.0,4.0,N,0.67,-2.31,-2.66,1.0,24.0,7.0,4.0,0.0,0.09,ACID,C15H16ClN3O5S,N[C@@H](C(=O)N[C@@H]1C(=O)N2C(C(=O)O)=C(Cl)CS[C@H]12)c1ccccc1.O,WKJGTOYAEQDNIA-IOOZKYRYSA-N,"InChI=1S/C15H14ClN3O4S.H2O/c16-8-6-24-14-10(13(21)19(14)11(8)15(22)23)18-12(20)9(17)7-4-2-1-3-5-7;/h1-5,9-10,14H,6,17H2,(H,18,20)(H,22,23);1H2/t9-,10-,14-;/m1./s1",False,15.0,16.0,3.0,5.0,1.0,0.0,1.0,0.0,0.0,1.2304489213782739,1.505149978319906
ASPOXICILLIN,2.0,493.54,30.0,51.0,-1.36,191.16,8.0,6.0,1.0,8.0,N,0.24,-4.07,-4.53,1.0,34.0,12.0,7.0,2.0,0.42,ACID,C21H27N5O7S,CNC(=O)C[C@@H](N)C(=O)N[C@@H](C(=O)N[C@@H]1C(=O)N2[C@@H]1SC(C)(C)[C@@H]2C(=O)O)c1ccc(O)cc1,BHELIUBJHYAEDK-OAIUPTLZSA-N,"InChI=1S/C21H27N5O7S/c1-21(2)15(20(32)33)26-18(31)14(19(26)34-21)25-17(30)13(9-4-6-10(27)7-5-9)24-16(29)11(22)8-12(28)23-3/h4-7,11,13-15,19,27H,8,22H2,1-3H3,(H,23,28)(H,24,29)(H,25,30)(H,32,33)/t11-,13-,14-,15+,19-/m1/s1",False,21.0,27.0,5.0,7.0,1.0,0.0,0.0,0.0,0.0,1.4771212547196624,1.7075701760979363
CEFIXIME,4.0,453.46,122.0,519.0,-0.54,184.51,10.0,4.0,0.0,8.0,N,0.23,-1.28,-7.13,1.0,30.0,12.0,5.0,1.0,-0.05,ACID,C16H15N5O7S2,C=CC1=C(C(=O)O)N2C(=O)[C@@H](NC(=O)/C(=N\OCC(=O)O)c3csc(N)n3)[C@H]2SC1,OKBVVJOGVLARMR-QSWIMTSFSA-N,"InChI=1S/C16H15N5O7S2/c1-2-6-4-29-14-10(13(25)21(14)11(6)15(26)27)19-12(24)9(20-28-3-8(22)23)7-5-30-16(17)18-7/h2,5,10,14H,1,3-4H2,(H2,17,18)(H,19,24)(H,22,23)(H,26,27)/b20-9-/t10-,14-/m1/s1",False,16.0,15.0,5.0,7.0,2.0,0.0,0.0,0.0,0.0,2.0863598306747484,2.7151673578484576
TOSUFLOXACIN,2.0,404.35,175.0,811.0,2.04,101.45,6.0,2.0,0.0,3.0,N,0.69,0.47,0.47,3.0,29.0,7.0,3.0,0.0,-1.05,ZWITTERION,C19H15F3N4O3,NC1CCN(c2nc3c(cc2F)c(=O)c(C(=O)O)cn3-c2ccc(F)cc2F)C1,WUWFMDMBOJLQIV-UHFFFAOYSA-N,"InChI=1S/C19H15F3N4O3/c20-9-1-2-15(13(21)5-9)26-8-12(19(28)29)16(27)11-6-14(22)18(24-17(11)26)25-4-3-10(23)7-25/h1-2,5-6,8,10H,3-4,7,23H2,(H,28,29)",False,19.0,15.0,4.0,3.0,0.0,3.0,0.0,0.0,0.0,2.2430380486862944,2.909020854211156
TELITHROMYCIN,4.0,812.02,100.0,1552.0,4.93,171.85,14.0,1.0,2.0,11.0,N,0.18,5.15,4.89,2.0,58.0,15.0,1.0,2.0,0.71,NEUTRAL,C43H65N5O10,CC[C@H]1OC(=O)[C@H](C)C(=O)[C@H](C)[C@@H](O[C@@H]2O[C@H](C)C[C@H](N(C)C)[C@H]2O)[C@](C)(OC)C[C@@H](C)C(=O)[C@H](C)[C@H]2N(CCCCn3cnc(-c4cccnc4)c3)C(=O)O[C@]12C,LJVAJPDWBABPEJ-PNUFFHFMSA-N,"InChI=1S/C43H65N5O10/c1-12-33-43(8)37(48(41(53)58-43)19-14-13-18-47-23-31(45-24-47)30-16-15-17-44-22-30)27(4)34(49)25(2)21-42(7,54-11)38(28(5)35(50)29(6)39(52)56-33)57-40-36(51)32(46(9)10)20-26(3)55-40/h15-17,22-29,32-33,36-38,40,51H,12-14,18-21H2,1-11H3/t25-,26-,27+,28+,29-,32+,33-,36-,37-,38-,40+,42-,43-/m1/s1",False,43.0,65.0,5.0,10.0,0.0,0.0,0.0,0.0,0.0,2.0,3.1908917169221698
METHENAMINE,4.0,140.19,38.0,73.0,-1.02,12.96,4.0,0.0,0.0,0.0,N,0.43,0.39,0.38,0.0,10.0,4.0,0.0,0.0,-0.08,NEUTRAL,C6H12N4,C1N2CN3CN1CN(C2)C3,VKYKSIONXSXAKP-UHFFFAOYSA-N,InChI=1S/C6H12N4/c1-7-2-9-4-8(1)5-10(3-7)6-9/h1-6H2,False,6.0,12.0,4.0,0.0,0.0,0.0,0.0,0.0,0.0,1.5797835966168101,1.863322860120456
FLUMEQUINE,2.0,261.25,51.0,147.0,2.35,59.3,3.0,1.0,0.0,1.0,Y,0.86,2.42,0.82,2.0,19.0,4.0,1.0,0.0,-0.5,ACID,C14H12FNO3,CC1CCc2cc(F)cc3c(=O)c(C(=O)O)cn1c23,DPSPPJIUMHPXMA-UHFFFAOYSA-N,"InChI=1S/C14H12FNO3/c1-7-2-3-8-4-9(15)5-10-12(8)16(7)6-11(13(10)17)14(18)19/h4-7H,2-3H2,1H3,(H,18,19)",False,14.0,12.0,1.0,3.0,0.0,1.0,0.0,0.0,0.0,1.7075701760979363,2.167317334748176
SISOMICIN,3.0,447.53,136.0,728.0,-3.85,213.72,12.0,8.0,2.0,6.0,N,0.2,-4.32,-11.46,0.0,31.0,12.0,12.0,2.0,1.93,BASE,C19H37N5O7,CN[C@@H]1[C@@H](O)[C@@H](O[C@@H]2[C@@H](O)[C@H](O[C@H]3OC(CN)=CC[C@H]3N)[C@@H](N)C[C@H]2N)OC[C@]1(C)O,URWAJWIAIPFPJE-YFMIWBNJSA-N,"InChI=1S/C19H37N5O7/c1-19(27)7-28-18(13(26)16(19)24-2)31-15-11(23)5-10(22)14(12(15)25)30-17-9(21)4-3-8(6-20)29-17/h3,9-18,24-27H,4-7,20-23H2,1-2H3/t9-,10+,11-,12+,13-,14-,15+,16-,17-,18-,19+/m1/s1",False,19.0,37.0,5.0,7.0,0.0,0.0,0.0,0.0,0.0,2.1335389083702174,2.862131379313037
AZLOCILLIN,4.0,461.5,145.0,875.0,0.09,148.15,6.0,4.0,0.0,5.0,N,0.45,-0.33,-3.7,1.0,32.0,11.0,4.0,1.0,-0.08,ACID,C20H23N5O6S,CC1(C)S[C@@H]2[C@H](NC(=O)[C@H](NC(=O)N3CCNC3=O)c3ccccc3)C(=O)N2[C@H]1C(=O)O,JTWOMNBEOCYFNV-NFFDBFGFSA-N,"InChI=1S/C20H23N5O6S/c1-20(2)13(17(28)29)25-15(27)12(16(25)32-20)22-14(26)11(10-6-4-3-5-7-10)23-19(31)24-9-8-21-18(24)30/h3-7,11-13,16H,8-9H2,1-2H3,(H,21,30)(H,22,26)(H,23,31)(H,28,29)/t11-,12-,13+,16-/m1/s1",False,20.0,23.0,5.0,6.0,1.0,0.0,0.0,0.0,0.0,2.161368002234975,2.942008053022313
SULFADIAZINE,4.0,250.28,185.0,938.0,0.86,97.97,5.0,2.0,0.0,3.0,N,0.79,0.39,-0.05,2.0,17.0,6.0,3.0,0.0,-1.65,NEUTRAL,C10H10N4O2S,Nc1ccc(S(=O)(=O)Nc2ncccn2)cc1,SEEPANYCNGTZFQ-UHFFFAOYSA-N,"InChI=1S/C10H10N4O2S/c11-8-2-4-9(5-3-8)17(15,16)14-10-12-6-1-7-13-10/h1-7H,11H2,(H,12,13,14)",False,10.0,10.0,4.0,2.0,1.0,0.0,0.0,0.0,0.0,2.2671717284030137,2.9722028383790646
CLOXACILLIN,4.0,435.89,177.0,1190.0,2.55,112.74,6.0,2.0,0.0,4.0,N,0.71,2.3,-0.98,2.0,29.0,8.0,2.0,0.0,-0.33,ACID,C19H18ClN3O5S,Cc1onc(-c2ccccc2Cl)c1C(=O)N[C@@H]1C(=O)N2[C@@H]1SC(C)(C)[C@@H]2C(=O)O,LQOLIRLGBULYKD-JKIFEVAISA-N,"InChI=1S/C19H18ClN3O5S/c1-8-11(12(22-28-8)9-6-4-5-7-10(9)20)15(24)21-13-16(25)23-14(18(26)27)19(2,3)29-17(13)23/h4-7,13-14,17H,1-3H3,(H,21,24)(H,26,27)/t13-,14+,17-/m1/s1",False,19.0,18.0,3.0,5.0,1.0,0.0,1.0,0.0,0.0,2.247973266361807,3.0755469613925306
CEFMINOX,2.0,519.59,34.0,62.0,-1.84,202.86,13.0,4.0,2.0,11.0,N,0.14,-3.63,-6.96,1.0,33.0,14.0,5.0,2.0,-0.76,ZWITTERION,C16H21N7O7S3,CO[C@@]1(NC(=O)CSC[C@@H](N)C(=O)O)C(=O)N2C(C(=O)O)=C(CSc3nnnn3C)CS[C@@H]21,JSDXOWVAHXDYCU-VXSYNFHWSA-N,"InChI=1S/C16H21N7O7S3/c1-22-15(19-20-21-22)33-4-7-3-32-14-16(30-2,13(29)23(14)10(7)12(27)28)18-9(24)6-31-5-8(17)11(25)26/h8,14H,3-6,17H2,1-2H3,(H,18,24)(H,25,26)(H,27,28)/t8-,14-,16+/m1/s1",False,16.0,21.0,7.0,7.0,3.0,0.0,0.0,0.0,0.0,1.5314789170422551,1.792391689498254
SULFATHIAZOLE,4.0,255.32,239.0,1056.0,1.53,85.08,5.0,2.0,0.0,3.0,N,0.81,0.98,0.5,2.0,16.0,5.0,3.0,0.0,-2.09,NEUTRAL,C9H9N3O2S2,Nc1ccc(S(=O)(=O)Nc2nccs2)cc1,JNMRHUJNCSQMMB-UHFFFAOYSA-N,"InChI=1S/C9H9N3O2S2/c10-7-1-3-8(4-2-7)16(13,14)12-9-11-5-6-15-9/h1-6H,10H2,(H,11,12)",True,9.0,9.0,3.0,2.0,2.0,0.0,0.0,0.0,0.0,2.3783979009481375,3.0236639181977933
BEKANAMYCIN,3.0,483.52,45.0,292.0,-7.33,288.4,15.0,11.0,2.0,6.0,N,0.17,-7.17,-13.11,0.0,33.0,15.0,16.0,2.0,1.37,BASE,C18H37N5O10,NC[C@H]1O[C@H](O[C@H]2[C@H](O)[C@@H](O[C@H]3O[C@H](CO)[C@@H](O)[C@H](N)[C@H]3O)[C@H](N)C[C@@H]2N)[C@H](N)[C@@H](O)[C@@H]1O,SKKLOUVUUNMCJE-FQSMHNGLSA-N,"InChI=1S/C18H37N5O10/c19-2-6-11(26)12(27)9(23)17(30-6)32-15-4(20)1-5(21)16(14(15)29)33-18-13(28)8(22)10(25)7(3-24)31-18/h4-18,24-29H,1-3,19-23H2/t4-,5+,6+,7+,8-,9+,10+,11+,12+,13+,14-,15+,16-,17+,18+/m0/s1",False,18.0,37.0,5.0,10.0,0.0,0.0,0.0,0.0,0.0,1.6532125137753437,2.4653828514484184
CEFDITOREN,2.0,506.59,1.0,2.0,1.29,160.1,11.0,3.0,2.0,7.0,N,0.29,-0.16,-2.69,2.0,33.0,11.0,4.0,2.0,-0.32,ACID,C19H18N6O5S3,CO/N=C(\C(=O)N[C@@H]1C(=O)N2C(C(=O)O)=C(/C=C\c3scnc3C)CS[C@H]12)c1csc(N)n1,KMIPKYQIOVAHOP-YLGJWRNMSA-N,"InChI=1S/C19H18N6O5S3/c1-8-11(33-7-21-8)4-3-9-5-31-17-13(16(27)25(17)14(9)18(28)29)23-15(26)12(24-30-2)10-6-32-19(20)22-10/h3-4,6-7,13,17H,5H2,1-2H3,(H2,20,22)(H,23,26)(H,28,29)/b4-3-,24-12-/t13-,17-/m1/s1",False,19.0,18.0,6.0,5.0,3.0,0.0,0.0,0.0,0.0,0.0,0.3010299956639812
KANAMYCIN,4.0,484.5,251.0,2224.0,-7.29,282.61,15.0,11.0,2.0,6.0,N,0.17,-7.06,-12.2,0.0,33.0,15.0,15.0,2.0,1.56,BASE,C18H36N4O11,NC[C@H]1O[C@H](O[C@H]2[C@H](O)[C@@H](O[C@H]3O[C@H](CO)[C@@H](O)[C@H](N)[C@H]3O)[C@H](N)C[C@@H]2N)[C@H](O)[C@@H](O)[C@@H]1O,SBUJHOSQTJFQJX-NOAMYHISSA-N,"InChI=1S/C18H36N4O11/c19-2-6-10(25)12(27)13(28)18(30-6)33-16-5(21)1-4(20)15(14(16)29)32-17-11(26)8(22)9(24)7(3-23)31-17/h4-18,23-29H,1-3,19-22H2/t4-,5+,6-,7-,8+,9-,10-,11-,12+,13-,14-,15+,16-,17-,18-/m1/s1",False,18.0,36.0,4.0,11.0,0.0,0.0,0.0,0.0,0.0,2.399673721481038,3.34713478291002
CEFDINIR,4.0,395.42,121.0,431.0,-0.17,158.21,9.0,4.0,0.0,5.0,N,0.23,-0.89,-3.7,1.0,26.0,10.0,5.0,0.0,0.05,ACID,C14H13N5O5S2,C=CC1=C(C(=O)O)N2C(=O)[C@@H](NC(=O)/C(=N\O)c3csc(N)n3)[C@H]2SC1,RTXOFQZKPXMALH-GHXIOONMSA-N,"InChI=1S/C14H13N5O5S2/c1-2-5-3-25-12-8(11(21)19(12)9(5)13(22)23)17-10(20)7(18-24)6-4-26-14(15)16-6/h2,4,8,12,24H,1,3H2,(H2,15,16)(H,17,20)(H,22,23)/b18-7-/t8-,12-/m1/s1",False,14.0,13.0,5.0,5.0,2.0,0.0,0.0,0.0,0.0,2.0827853703164503,2.6344772701607315
DELAFLOXACIN,4.0,440.77,43.0,60.0,1.92,121.68,7.0,3.0,0.0,3.0,N,0.57,2.56,0.59,3.0,30.0,8.0,4.0,0.0,-0.44,ACID,C18H12ClF3N4O4,Nc1nc(-n2cc(C(=O)O)c(=O)c3cc(F)c(N4CC(O)C4)c(Cl)c32)c(F)cc1F,DYDCPNMLZGFQTM-UHFFFAOYSA-N,"InChI=1S/C18H12ClF3N4O4/c19-12-13-7(1-9(20)14(12)25-3-6(27)4-25)15(28)8(18(29)30)5-26(13)17-11(22)2-10(21)16(23)24-17/h1-2,5-6,27H,3-4H2,(H2,23,24)(H,29,30)",False,18.0,12.0,4.0,4.0,0.0,3.0,1.0,0.0,0.0,1.6334684555795864,1.7781512503836436
FOSFOMYCIN,4.0,138.06,126.0,463.0,-0.09,70.06,2.0,2.0,0.0,1.0,N,0.39,-0.74,-3.18,0.0,8.0,4.0,2.0,0.0,0.93,ACID,C3H7O4P,C[C@@H]1O[C@@H]1P(=O)(O)O,YMDXZJFXQJVXBF-STHAYSLISA-N,"InChI=1S/C3H7O4P/c1-2-3(7-2)8(4,5)6/h2-3H,1H3,(H2,4,5,6)/t2-,3+/m0/s1",False,3.0,7.0,0.0,4.0,0.0,0.0,0.0,1.0,0.0,2.100370545117563,2.6655809910179533
TROVAFLOXACIN,4.0,416.36,172.0,739.0,1.89,101.45,6.0,2.0,0.0,3.0,N,0.68,0.14,0.14,3.0,30.0,7.0,3.0,0.0,-0.78,ZWITTERION,C20H15F3N4O3,N[C@@H]1[C@H]2CN(c3nc4c(cc3F)c(=O)c(C(=O)O)cn4-c3ccc(F)cc3F)C[C@@H]12,WVPSKSLAZQPAKQ-CDMJZVDBSA-N,"InChI=1S/C20H15F3N4O3/c21-8-1-2-15(13(22)3-8)27-7-12(20(29)30)17(28)9-4-14(23)19(25-18(9)27)26-5-10-11(6-26)16(10)24/h1-4,7,10-11,16H,5-6,24H2,(H,29,30)/t10-,11+,16+",False,20.0,15.0,4.0,3.0,0.0,3.0,0.0,0.0,0.0,2.2355284469075487,2.8686444383948255
CEFUROXIME,4.0,424.39,188.0,1506.0,-0.54,173.76,9.0,3.0,0.0,7.0,N,0.3,-0.9,-4.38,1.0,29.0,12.0,4.0,1.0,0.09,ACID,C16H16N4O8S,CO/N=C(\C(=O)N[C@@H]1C(=O)N2C(C(=O)O)=C(COC(N)=O)CS[C@H]12)c1ccco1,JFPVXVDWJQMJEE-IZRZKJBUSA-N,"InChI=1S/C16H16N4O8S/c1-26-19-9(8-3-2-4-27-8)12(21)18-10-13(22)20-11(15(23)24)7(5-28-16(17)25)6-29-14(10)20/h2-4,10,14H,5-6H2,1H3,(H2,17,25)(H,18,21)(H,23,24)/b19-9-/t10-,14-/m1/s1",False,16.0,16.0,4.0,8.0,1.0,0.0,0.0,0.0,0.0,2.27415784926368,3.177824971864682
CEFONICID,4.0,542.58,71.0,114.0,-0.92,204.91,12.0,4.0,2.0,9.0,N,0.17,-2.52,-6.86,2.0,35.0,14.0,4.0,2.0,-0.9,ACID,C18H18N6O8S3,O=C(O)C1=C(CSc2nnnn2CS(=O)(=O)O)CS[C@@H]2[C@H](NC(=O)[C@H](O)c3ccccc3)C(=O)N12,DYAIAHUQIPBDIP-AXAPSJFSSA-N,"InChI=1S/C18H18N6O8S3/c25-13(9-4-2-1-3-5-9)14(26)19-11-15(27)24-12(17(28)29)10(6-33-16(11)24)7-34-18-20-21-22-23(18)8-35(30,31)32/h1-5,11,13,16,25H,6-8H2,(H,19,26)(H,28,29)(H,30,31,32)/t11-,13-,16-/m1/s1",False,18.0,18.0,6.0,8.0,3.0,0.0,0.0,0.0,0.0,1.8512583487190752,2.0569048513364727
NETILMICIN,4.0,475.59,163.0,1393.0,-3.2,199.73,12.0,8.0,2.0,8.0,N,0.18,-3.53,-10.64,0.0,33.0,12.0,11.0,2.0,1.98,BASE,C21H41N5O7,CCN[C@@H]1C[C@H](N)[C@@H](O[C@H]2OC(CN)=CC[C@H]2N)[C@H](O)[C@H]1O[C@H]1OC[C@](C)(O)[C@H](NC)[C@H]1O,CIDUJQMULVCIBT-MQDUPKMGSA-N,"InChI=1S/C21H41N5O7/c1-4-26-13-7-12(24)16(32-19-11(23)6-5-10(8-22)31-19)14(27)17(13)33-20-15(28)18(25-3)21(2,29)9-30-20/h5,11-20,25-29H,4,6-9,22-24H2,1-3H3/t11-,12+,13-,14+,15-,16-,17+,18-,19-,20-,21+/m1/s1",False,21.0,41.0,5.0,7.0,0.0,0.0,0.0,0.0,0.0,2.2121876044039577,3.1439511164239633
MINOCYCLINE,4.0,457.48,138.0,989.0,0.19,164.63,9.0,5.0,0.0,3.0,N,0.4,-2.54,-2.61,1.0,33.0,10.0,6.0,1.0,1.3,ACID,C23H27N3O7,CN(C)c1ccc(O)c2c1C[C@H]1C[C@H]3[C@H](N(C)C)C(O)=C(C(N)=O)C(=O)[C@@]3(O)C(O)=C1C2=O,DYKFCLLONBREIL-KVUCHLLUSA-N,"InChI=1S/C23H27N3O7/c1-25(2)12-5-6-13(27)15-10(12)7-9-8-11-17(26(3)4)19(29)16(22(24)32)21(31)23(11,33)20(30)14(9)18(15)28/h5-6,9,11,17,27,29-30,33H,7-8H2,1-4H3,(H2,24,32)/t9-,11-,17-,23-/m0/s1",False,23.0,27.0,3.0,7.0,0.0,0.0,0.0,0.0,0.0,2.1398790864012365,2.9951962915971793
LEVOFLOXACIN,4.0,740.76,385.0,7999.0,1.54,75.01,6.0,1.0,0.0,2.0,N,0.87,0.51,-0.47,2.0,26.0,7.0,1.0,0.0,-0.21,ACID,C36H42F2N6O9,C[C@H]1COc2c(N3CCN(C)CC3)c(F)cc3c(=O)c(C(=O)O)cn1c23.C[C@H]1COc2c(N3CCN(C)CC3)c(F)cc3c(=O)c(C(=O)O)cn1c23.O,SUIQUYDRLGGZOL-RCWTXCDDSA-N,"InChI=1S/2C18H20FN3O4.H2O/c2*1-10-9-26-17-14-11(16(23)12(18(24)25)8-22(10)14)7-13(19)15(17)21-5-3-20(2)4-6-21;/h2*7-8,10H,3-6,9H2,1-2H3,(H,24,25);1H2/t2*10-;/m00./s1",False,36.0,42.0,6.0,9.0,0.0,2.0,0.0,0.0,0.0,2.5854607295085006,3.903035696788497
LYMECYCLINE,4.0,602.64,60.0,85.0,-0.45,242.98,12.0,9.0,3.0,10.0,N,0.09,-6.6,-6.63,1.0,43.0,14.0,10.0,3.0,1.46,ZWITTERION,C29H38N4O10,CN(C)[C@@H]1C(O)=C(C(=O)NCNCCCC[C@H](N)C(=O)O)C(=O)[C@@]2(O)C(O)=C3C(=O)c4c(O)cccc4[C@@](C)(O)[C@H]3C[C@@H]12,AHEVKYYGXVEWNO-UEPZRUIBSA-N,"InChI=1S/C29H38N4O10/c1-28(42)13-7-6-9-17(34)18(13)22(35)19-14(28)11-15-21(33(2)3)23(36)20(25(38)29(15,43)24(19)37)26(39)32-12-31-10-5-4-8-16(30)27(40)41/h6-7,9,14-16,21,31,34,36-37,42-43H,4-5,8,10-12,30H2,1-3H3,(H,32,39)(H,40,41)/t14-,15-,16-,21-,28+,29-/m0/s1",False,29.0,38.0,4.0,10.0,0.0,0.0,0.0,0.0,0.0,1.7781512503836436,1.9294189257142926
CEFSULODIN,4.0,532.56,40.0,81.0,-1.89,190.88,8.0,3.0,1.0,8.0,N,0.2,-5.83,-7.46,2.0,36.0,12.0,4.0,2.0,-0.12,ACID,C22H20N4O8S2,NC(=O)c1cc[n+](CC2=C(C(=O)[O-])N3C(=O)[C@@H](NC(=O)[C@@H](c4ccccc4)S(=O)(=O)O)[C@H]3SC2)cc1,SYLKGLMBLAAGSC-QLVMHMETSA-N,"InChI=1S/C22H20N4O8S2/c23-18(27)13-6-8-25(9-7-13)10-14-11-35-21-15(20(29)26(21)16(14)22(30)31)24-19(28)17(36(32,33)34)12-4-2-1-3-5-12/h1-9,15,17,21H,10-11H2,(H4-,23,24,27,28,30,31,32,33,34)/t15-,17-,21-/m1/s1",False,22.0,20.0,4.0,8.0,2.0,0.0,0.0,0.0,0.0,1.6020599913279623,1.9084850188786497
CEFROXADINE,2.0,365.41,29.0,50.0,-0.07,121.96,6.0,3.0,0.0,5.0,N,0.46,-3.4,-3.6,0.0,25.0,8.0,4.0,0.0,0.97,ACID,C16H19N3O5S,COC1=C(C(=O)O)N2C(=O)[C@@H](NC(=O)[C@H](N)C3=CCC=CC3)[C@H]2SC1,RDMOROXKXONCAL-UEKVPHQBSA-N,"InChI=1S/C16H19N3O5S/c1-24-9-7-25-15-11(14(21)19(15)12(9)16(22)23)18-13(20)10(17)8-5-3-2-4-6-8/h2-3,6,10-11,15H,4-5,7,17H2,1H3,(H,18,20)(H,22,23)/t10-,11-,15-/m1/s1",False,16.0,19.0,3.0,5.0,1.0,0.0,0.0,0.0,0.0,1.462397997898956,1.6989700043360187
CEFETAMET,2.0,397.44,8.0,41.0,-0.17,147.21,9.0,3.0,0.0,5.0,N,0.35,-0.65,-3.35,1.0,26.0,10.0,4.0,0.0,-0.14,ACID,C14H15N5O5S2,CO/N=C(\C(=O)N[C@@H]1C(=O)N2C(C(=O)O)=C(C)CS[C@H]12)c1csc(N)n1,MQLRYUCJDNBWMV-GHXIOONMSA-N,"InChI=1S/C14H15N5O5S2/c1-5-3-25-12-8(11(21)19(12)9(5)13(22)23)17-10(20)7(18-24-2)6-4-26-14(15)16-6/h4,8,12H,3H2,1-2H3,(H2,15,16)(H,17,20)(H,22,23)/b18-7-/t8-,12-/m1/s1",False,14.0,15.0,5.0,5.0,2.0,0.0,0.0,0.0,0.0,0.9030899869919435,1.6127838567197355
CEFAZEDONE,2.0,548.46,28.0,37.0,1.85,134.49,10.0,2.0,1.0,7.0,N,0.39,1.11,-2.37,2.0,33.0,10.0,2.0,1.0,-0.99,ACID,C18H15Cl2N5O5S3,Cc1nnc(SCC2=C(C(=O)O)N3C(=O)[C@@H](NC(=O)Cn4cc(Cl)c(=O)c(Cl)c4)[C@H]3SC2)s1,VTLCNEGVSVJLDN-MLGOLLRUSA-N,"InChI=1S/C18H15Cl2N5O5S3/c1-7-22-23-18(33-7)32-6-8-5-31-16-12(15(28)25(16)13(8)17(29)30)21-11(26)4-24-2-9(19)14(27)10(20)3-24/h2-3,12,16H,4-6H2,1H3,(H,21,26)(H,29,30)/t12-,16-/m1/s1",False,18.0,15.0,5.0,5.0,3.0,0.0,2.0,0.0,0.0,1.4471580313422192,1.568201724066995
LEFAMULIN,4.0,507.74,10.0,28.0,3.87,109.85,7.0,3.0,1.0,5.0,N,0.38,2.9,0.38,0.0,35.0,6.0,4.0,1.0,1.83,BASE,C28H45NO5S,C=C[C@]1(C)C[C@@H](OC(=O)CS[C@@H]2CC[C@@H](N)C[C@H]2O)[C@]2(C)[C@H](C)CC[C@]3(CCC(=O)[C@H]32)[C@@H](C)[C@@H]1O,KPVIXBKIJXZQJX-FCEONZPQSA-N,"InChI=1S/C28H45NO5S/c1-6-26(4)14-22(34-23(32)15-35-21-8-7-18(29)13-20(21)31)27(5)16(2)9-11-28(17(3)25(26)33)12-10-19(30)24(27)28/h6,16-18,20-22,24-25,31,33H,1,7-15,29H2,2-5H3/t16-,17+,18-,20-,21-,22-,24+,25+,26-,27+,28+/m1/s1",False,28.0,45.0,1.0,5.0,1.0,0.0,0.0,0.0,0.0,1.0,1.4471580313422192
CLINDAMYCIN,4.0,424.99,322.0,3768.0,0.39,102.26,7.0,4.0,0.0,7.0,N,0.44,1.04,0.65,0.0,27.0,7.0,4.0,0.0,0.6,NEUTRAL,C18H33ClN2O5S,CCC[C@@H]1C[C@@H](C(=O)N[C@@H]([C@H]2O[C@H](SC)[C@H](O)[C@@H](O)[C@H]2O)[C@H](C)Cl)N(C)C1,KDLRVYVGXIQJDK-AWPVFWJPSA-N,"InChI=1S/C18H33ClN2O5S/c1-5-6-10-7-11(21(3)8-10)17(25)20-12(9(2)19)16-14(23)13(22)15(24)18(26-16)27-4/h9-16,18,22-24H,5-8H2,1-4H3,(H,20,25)/t9-,10+,11-,12+,13-,14+,15+,16+,18+/m0/s1",False,18.0,33.0,2.0,5.0,1.0,0.0,1.0,0.0,0.0,2.507855871695831,3.57611089412084
TOBRAMYCIN,4.0,467.52,212.0,2524.0,-6.3,268.17,14.0,10.0,2.0,6.0,N,0.17,-6.48,-13.16,0.0,32.0,14.0,15.0,2.0,1.43,BASE,C18H37N5O9,NC[C@H]1O[C@H](O[C@H]2[C@H](O)[C@@H](O[C@H]3O[C@H](CO)[C@@H](O)[C@H](N)[C@H]3O)[C@H](N)C[C@@H]2N)[C@H](N)C[C@@H]1O,NLVFBUXFDBBNBW-PBSUHMDJSA-N,"InChI=1S/C18H37N5O9/c19-3-9-8(25)2-7(22)17(29-9)31-15-5(20)1-6(21)16(14(15)28)32-18-13(27)11(23)12(26)10(4-24)30-18/h5-18,24-28H,1-4,19-23H2/t5-,6+,7+,8-,9+,10+,11-,12+,13+,14-,15+,16-,17+,18+/m0/s1",False,18.0,37.0,5.0,9.0,0.0,0.0,0.0,0.0,0.0,2.326335860928751,3.402089350572097
SULFAMERAZINE,4.0,264.31,147.0,390.0,1.17,97.97,5.0,2.0,0.0,3.0,N,0.81,0.52,0.08,2.0,18.0,6.0,3.0,0.0,-1.71,NEUTRAL,C11H12N4O2S,Cc1ccnc(NS(=O)(=O)c2ccc(N)cc2)n1,QPPBRPIAZZHUNT-UHFFFAOYSA-N,"InChI=1S/C11H12N4O2S/c1-8-6-7-13-11(14-8)15-18(16,17)10-4-2-9(12)3-5-10/h2-7H,12H2,1H3,(H,13,14,15)",False,11.0,12.0,4.0,2.0,1.0,0.0,0.0,0.0,0.0,2.167317334748176,2.591064607026499
MOXALACTAM,4.0,520.48,52.0,125.0,-1.13,206.3,12.0,4.0,2.0,9.0,N,0.13,0.17,-6.72,2.0,36.0,15.0,4.0,2.0,-0.37,ACID,C20H20N6O9S,CO[C@@]1(NC(=O)C(C(=O)O)c2ccc(O)cc2)C(=O)N2C(C(=O)O)=C(CSc3nnnn3C)CO[C@@H]21,JWCSIUVGFCSJCK-CAVRMKNVSA-N,"InChI=1S/C20H20N6O9S/c1-25-19(22-23-24-25)36-8-10-7-35-18-20(34-2,17(33)26(18)13(10)16(31)32)21-14(28)12(15(29)30)9-3-5-11(27)6-4-9/h3-6,12,18,27H,7-8H2,1-2H3,(H,21,28)(H,29,30)(H,31,32)/t12?,18-,20+/m1/s1",False,20.0,20.0,6.0,9.0,1.0,0.0,0.0,0.0,0.0,1.7160033436347992,2.0969100130080562
ERAVACYCLINE,4.0,558.56,15.0,58.0,0.29,193.73,10.0,6.0,2.0,5.0,N,0.22,-3.27,-3.51,1.0,40.0,12.0,7.0,3.0,0.33,ZWITTERION,C27H31FN4O8,CN(C)[C@@H]1C(O)=C(C(N)=O)C(=O)[C@@]2(O)C(O)=C3C(=O)c4c(O)c(NC(=O)CN5CCCC5)cc(F)c4C[C@H]3C[C@@H]12,HLFSMUUOKPBTSM-ISIOAQNYSA-N,"InChI=1S/C27H31FN4O8/c1-31(2)20-13-8-11-7-12-14(28)9-15(30-16(33)10-32-5-3-4-6-32)21(34)18(12)22(35)17(11)24(37)27(13,40)25(38)19(23(20)36)26(29)39/h9,11,13,20,34,36-37,40H,3-8,10H2,1-2H3,(H2,29,39)(H,30,33)/t11-,13-,20-,27-/m0/s1",False,27.0,31.0,4.0,8.0,0.0,1.0,0.0,0.0,0.0,1.1760912590556813,1.7634279935629373
SPIRAMYCIN,4.0,843.06,35.0,155.0,2.33,195.38,16.0,4.0,2.0,11.0,N,0.17,2.5,0.02,0.0,59.0,16.0,4.0,2.0,1.88,BASE,C43H74N2O14,CO[C@@H]1[C@@H](O[C@@H]2O[C@H](C)[C@@H](O[C@H]3C[C@@](C)(O)[C@@H](O)[C@H](C)O3)[C@H](N(C)C)[C@H]2O)[C@@H](CC=O)C[C@@H](C)[C@@H](O[C@H]2CC[C@H](N(C)C)[C@@H](C)O2)/C=C/C=C/C[C@@H](C)OC(=O)C[C@H]1O,ACTOXUHEUCPTEW-CEUOBAOPSA-N,"InChI=1S/C43H74N2O14/c1-24-21-29(19-20-46)39(59-42-37(49)36(45(9)10)38(27(4)56-42)58-35-23-43(6,51)41(50)28(5)55-35)40(52-11)31(47)22-33(48)53-25(2)15-13-12-14-16-32(24)57-34-18-17-30(44(7)8)26(3)54-34/h12-14,16,20,24-32,34-42,47,49-51H,15,17-19,21-23H2,1-11H3/b13-12+,16-14+/t24-,25-,26-,27-,28+,29+,30+,31-,32+,34+,35+,36-,37-,38-,39+,40+,41+,42+,43-/m1/s1",False,43.0,74.0,2.0,14.0,0.0,0.0,0.0,0.0,0.0,1.5440680443502757,2.1903316981702914
SULFAMETHOXYPYRIDAZINE,4.0,280.31,96.0,160.0,0.87,107.2,6.0,2.0,0.0,4.0,N,0.8,0.47,-0.05,2.0,19.0,7.0,3.0,0.0,-1.8,NEUTRAL,C11H12N4O3S,COc1ccc(NS(=O)(=O)c2ccc(N)cc2)nn1,VLYWMPOKSSWJAL-UHFFFAOYSA-N,"InChI=1S/C11H12N4O3S/c1-18-11-7-6-10(13-14-11)15-19(16,17)9-4-2-8(12)3-5-9/h2-7H,12H2,1H3,(H,13,15)",False,11.0,12.0,4.0,3.0,1.0,0.0,0.0,0.0,0.0,1.9822712330395684,2.2041199826559246
OXOLINIC ACID,2.0,261.23,95.0,258.0,1.45,77.76,5.0,1.0,0.0,2.0,N,0.88,1.35,-0.65,2.0,19.0,6.0,1.0,0.0,-0.32,ACID,C13H11NO5,CCn1cc(C(=O)O)c(=O)c2cc3c(cc21)OCO3,KYGZCKSPAKDVKC-UHFFFAOYSA-N,"InChI=1S/C13H11NO5/c1-2-14-5-8(13(16)17)12(15)7-3-10-11(4-9(7)14)19-6-18-10/h3-5H,2,6H2,1H3,(H,16,17)",False,13.0,11.0,1.0,5.0,0.0,0.0,0.0,0.0,0.0,1.9777236052888478,2.41161970596323
CEFBUPERAZONE,2.0,627.66,4.0,24.0,-2.84,229.49,14.0,4.0,2.0,10.0,N,0.09,-1.99,-5.44,1.0,42.0,18.0,4.0,2.0,-0.71,ACID,C22H29N9O9S2,CCN1CCN(C(=O)N[C@@H](C(=O)N[C@]2(OC)C(=O)N3C(C(=O)O)=C(CSc4nnnn4C)CS[C@@H]32)[C@H](C)O)C(=O)C1=O,SMSRCGPDNDCXFR-CYWZMYCQSA-N,"InChI=1S/C22H29N9O9S2/c1-5-29-6-7-30(16(35)15(29)34)20(39)23-12(10(2)32)14(33)24-22(40-4)18(38)31-13(17(36)37)11(8-41-19(22)31)9-42-21-25-26-27-28(21)3/h10,12,19,32H,5-9H2,1-4H3,(H,23,39)(H,24,33)(H,36,37)/t10-,12+,19+,22-/m0/s1",False,22.0,29.0,9.0,9.0,2.0,0.0,0.0,0.0,0.0,0.6020599913279624,1.380211241711606
OLEANDOMYCIN,2.0,687.87,10.0,65.0,1.91,165.98,13.0,3.0,2.0,6.0,N,0.27,2.98,1.95,0.0,48.0,13.0,3.0,2.0,1.67,NEUTRAL,C35H61NO12,CO[C@H]1C[C@H](O[C@H]2[C@H](C)[C@@H](O[C@@H]3O[C@H](C)C[C@H](N(C)C)[C@H]3O)[C@@H](C)C[C@@]3(CO3)C(=O)[C@H](C)[C@@H](O)[C@@H](C)[C@@H](C)OC(=O)[C@@H]2C)O[C@@H](C)[C@@H]1O,RZPAKFUAFGMUPI-QESOVKLGSA-N,"InChI=1S/C35H61NO12/c1-16-14-35(15-43-35)32(40)19(4)27(37)18(3)22(7)46-33(41)21(6)31(47-26-13-25(42-11)28(38)23(8)45-26)20(5)30(16)48-34-29(39)24(36(9)10)12-17(2)44-34/h16-31,34,37-39H,12-15H2,1-11H3/t16-,17+,18-,19+,20+,21+,22+,23-,24-,25-,26-,27-,28-,29+,30-,31-,34-,35+/m0/s1",False,35.0,61.0,1.0,12.0,0.0,0.0,0.0,0.0,0.0,1.0,1.8129133566428555
CEFTIZOXIME,4.0,383.41,75.0,254.0,-0.56,147.21,9.0,3.0,0.0,5.0,N,0.35,-0.94,-3.61,1.0,25.0,10.0,4.0,0.0,-0.14,ACID,C13H13N5O5S2,CO/N=C(\C(=O)N[C@@H]1C(=O)N2C(C(=O)O)=CCS[C@H]12)c1csc(N)n1,NNULBSISHYWZJU-LLKWHZGFSA-N,"InChI=1S/C13H13N5O5S2/c1-23-17-7(5-4-25-13(14)15-5)9(19)16-8-10(20)18-6(12(21)22)2-3-24-11(8)18/h2,4,8,11H,3H2,1H3,(H2,14,15)(H,16,19)(H,21,22)/b17-7-/t8-,11-/m1/s1",False,13.0,13.0,5.0,5.0,2.0,0.0,0.0,0.0,0.0,1.8750612633917,2.404833716619938
TINIDAZOLE,4.0,247.28,197.0,871.0,0.53,95.1,6.0,0.0,0.0,5.0,N,0.56,-0.58,-0.58,1.0,16.0,7.0,0.0,0.0,-2.05,NEUTRAL,C8H13N3O4S,CCS(=O)(=O)CCn1c([N+](=O)[O-])cnc1C,HJLSLZFTEKNLFI-UHFFFAOYSA-N,"InChI=1S/C8H13N3O4S/c1-3-16(14,15)5-4-10-7(2)9-6-8(10)11(12)13/h6H,3-5H2,1-2H3",False,8.0,13.0,3.0,4.0,1.0,0.0,0.0,0.0,0.0,2.294466226161593,2.9400181550076634
FURAZIDIN,-1.0,264.2,1.0,1.0,0.74,118.05,6.0,1.0,0.0,4.0,N,0.37,0.07,0.01,1.0,19.0,9.0,1.0,0.0,-1.06,NEUTRAL,C10H8N4O5,O=C1CN(/N=C/C=C/c2ccc([N+](=O)[O-])o2)C(=O)N1,DECBQELQORZLLP-UAIOPKHMSA-N,"InChI=1S/C10H8N4O5/c15-8-6-13(10(16)12-8)11-5-1-2-7-3-4-9(19-7)14(17)18/h1-5H,6H2,(H,12,15,16)/b2-1+,11-5+",False,10.0,8.0,4.0,5.0,0.0,0.0,0.0,0.0,0.0,0.0,0.0
PIPERACILLIN,4.0,517.56,292.0,4284.0,-0.24,156.43,7.0,3.0,1.0,6.0,N,0.34,-0.26,-3.64,1.0,36.0,12.0,3.0,2.0,0.03,ACID,C23H27N5O7S,CCN1CCN(C(=O)N[C@@H](C(=O)N[C@@H]2C(=O)N3[C@@H]2SC(C)(C)[C@@H]3C(=O)O)c2ccccc2)C(=O)C1=O,IVBHGBMCVLDMKU-GXNBUGAJSA-N,"InChI=1S/C23H27N5O7S/c1-4-26-10-11-27(19(32)18(26)31)22(35)25-13(12-8-6-5-7-9-12)16(29)24-14-17(30)28-15(21(33)34)23(2,3)36-20(14)28/h5-9,13-15,20H,4,10-11H2,1-3H3,(H,24,29)(H,25,35)(H,33,34)/t13-,14-,15+,20-/m1/s1",False,23.0,27.0,5.0,7.0,1.0,0.0,0.0,0.0,0.0,2.4653828514484184,3.631849462159818
SULFISOMIDINE,2.0,278.34,33.0,64.0,1.48,97.97,5.0,2.0,0.0,3.0,N,0.83,0.91,0.28,2.0,19.0,6.0,3.0,0.0,-1.8,ACID,C12H14N4O2S,Cc1cc(NS(=O)(=O)c2ccc(N)cc2)nc(C)n1,YZMCKZRAOLZXAZ-UHFFFAOYSA-N,"InChI=1S/C12H14N4O2S/c1-8-7-12(15-9(2)14-8)16-19(17,18)11-5-3-10(13)4-6-11/h3-7H,13H2,1-2H3,(H,14,15,16)",False,12.0,14.0,4.0,2.0,1.0,0.0,0.0,0.0,0.0,1.5185139398778875,1.806179973983887
SULBACTAM,4.0,233.24,177.0,782.0,-0.79,91.75,4.0,1.0,0.0,1.0,N,0.6,-0.89,-4.35,0.0,15.0,6.0,1.0,0.0,0.77,ACID,C8H11NO5S,CC1(C)[C@H](C(=O)O)N2C(=O)C[C@H]2S1(=O)=O,FKENQMMABCRJMK-RITPCOANSA-N,"InChI=1S/C8H11NO5S/c1-8(2)6(7(11)12)9-4(10)3-5(9)15(8,13)14/h5-6H,3H2,1-2H3,(H,11,12)/t5-,6+/m1/s1",False,8.0,11.0,1.0,5.0,1.0,0.0,0.0,0.0,0.0,2.247973266361807,2.893206753059848
TIGECYCLINE,4.0,585.66,172.0,2125.0,0.51,205.76,11.0,7.0,3.0,6.0,N,0.18,-3.26,-3.41,1.0,42.0,13.0,8.0,3.0,0.66,ZWITTERION,C29H39N5O8,CN(C)c1cc(NC(=O)CNC(C)(C)C)c(O)c2c1C[C@H]1C[C@H]3[C@H](N(C)C)C(O)=C(C(N)=O)C(=O)[C@@]3(O)C(O)=C1C2=O,FPZLLRFZJZRHSY-HJYUBDRYSA-N,"InChI=1S/C29H39N5O8/c1-28(2,3)31-11-17(35)32-15-10-16(33(4)5)13-8-12-9-14-21(34(6)7)24(38)20(27(30)41)26(40)29(14,42)25(39)18(12)23(37)19(13)22(15)36/h10,12,14,21,31,36,38-39,42H,8-9,11H2,1-7H3,(H2,30,41)(H,32,35)/t12-,14-,21-,29-/m0/s1",False,29.0,39.0,5.0,8.0,0.0,0.0,0.0,0.0,0.0,2.2355284469075487,3.3273589343863303
DICLOXACILLIN,4.0,470.33,56.0,266.0,3.2,112.74,6.0,2.0,0.0,4.0,N,0.66,2.91,-0.38,2.0,30.0,8.0,2.0,0.0,-0.31,ACID,C19H17Cl2N3O5S,Cc1onc(-c2c(Cl)cccc2Cl)c1C(=O)N[C@@H]1C(=O)N2[C@@H]1SC(C)(C)[C@@H]2C(=O)O,YFAGHNZHGGCZAX-JKIFEVAISA-N,"InChI=1S/C19H17Cl2N3O5S/c1-7-10(12(23-29-7)11-8(20)5-4-6-9(11)21)15(25)22-13-16(26)24-14(18(27)28)19(2,3)30-17(13)24/h4-6,13-14,17H,1-3H3,(H,22,25)(H,27,28)/t13-,14+,17-/m1/s1",False,19.0,17.0,3.0,5.0,1.0,0.0,2.0,0.0,0.0,1.7481880270062005,2.424881636631067
METHICILLIN,4.0,380.42,65.0,521.0,0.95,105.17,6.0,2.0,0.0,5.0,N,0.73,0.79,-2.69,1.0,26.0,8.0,2.0,0.0,0.43,ACID,C17H20N2O6S,COc1cccc(OC)c1C(=O)N[C@@H]1C(=O)N2[C@@H]1SC(C)(C)[C@@H]2C(=O)O,RJQXTJLFIWVMTO-TYNCELHUSA-N,"InChI=1S/C17H20N2O6S/c1-17(2)12(16(22)23)19-14(21)11(15(19)26-17)18-13(20)10-8(24-3)6-5-7-9(10)25-4/h5-7,11-12,15H,1-4H3,(H,18,20)(H,22,23)/t11-,12+,15-/m1/s1",False,17.0,20.0,2.0,6.0,1.0,0.0,0.0,0.0,0.0,1.8129133566428555,2.7168377232995247
FLEROXACIN,2.0,369.34,173.0,556.0,1.7,65.78,5.0,1.0,0.0,4.0,N,0.89,0.98,-0.09,2.0,26.0,6.0,1.0,0.0,-0.86,ACID,C17H18F3N3O3,CN1CCN(c2c(F)cc3c(=O)c(C(=O)O)cn(CCF)c3c2F)CC1,XBJBPGROQZJDOJ-UHFFFAOYSA-N,"InChI=1S/C17H18F3N3O3/c1-21-4-6-22(7-5-21)15-12(19)8-10-14(13(15)20)23(3-2-18)9-11(16(10)24)17(25)26/h8-9H,2-7H2,1H3,(H,25,26)",False,17.0,18.0,3.0,3.0,0.0,3.0,0.0,0.0,0.0,2.2380461031287955,2.7450747915820575
ISEPAMICIN,2.0,569.61,20.0,100.0,-7.52,297.72,16.0,12.0,3.0,9.0,N,0.12,-7.3,-13.18,0.0,39.0,17.0,15.0,3.0,1.66,BASE,C22H43N5O12,CN[C@@H]1[C@@H](O)[C@@H](O[C@@H]2[C@@H](O)[C@H](O[C@H]3O[C@H](CN)[C@@H](O)[C@H](O)[C@H]3O)[C@@H](N)C[C@H]2NC(=O)[C@@H](O)CN)OC[C@]1(C)O,UDIIBEDMEYAVNG-ZKFPOVNWSA-N,"InChI=1S/C22H43N5O12/c1-22(35)6-36-20(15(33)18(22)26-2)39-17-8(27-19(34)9(28)4-23)3-7(25)16(14(17)32)38-21-13(31)12(30)11(29)10(5-24)37-21/h7-18,20-21,26,28-33,35H,3-6,23-25H2,1-2H3,(H,27,34)/t7-,8+,9-,10+,11+,12-,13+,14-,15+,16+,17-,18+,20+,21+,22-/m0/s1",False,22.0,43.0,5.0,12.0,0.0,0.0,0.0,0.0,0.0,1.3010299956639813,2.0
RUFLOXACIN,2.0,363.41,89.0,213.0,1.7,65.78,6.0,1.0,0.0,2.0,N,0.88,0.68,-0.37,2.0,25.0,6.0,1.0,0.0,-0.97,ACID,C17H18FN3O3S,CN1CCN(c2c(F)cc3c(=O)c(C(=O)O)cn4c3c2SCC4)CC1,NJCJBUHJQLFDSW-UHFFFAOYSA-N,"InChI=1S/C17H18FN3O3S/c1-19-2-4-20(5-3-19)14-12(18)8-10-13-16(14)25-7-6-21(13)9-11(15(10)22)17(23)24/h8-9H,2-7H2,1H3,(H,23,24)",False,17.0,18.0,3.0,3.0,1.0,1.0,0.0,0.0,0.0,1.9493900066449128,2.3283796034387376
NAFCILLIN,4.0,414.48,48.0,223.0,2.48,95.94,5.0,2.0,0.0,5.0,N,0.73,2.29,-1.13,2.0,29.0,7.0,2.0,0.0,0.1,ACID,C21H22N2O5S,CCOc1ccc2ccccc2c1C(=O)N[C@@H]1C(=O)N2[C@@H]1SC(C)(C)[C@@H]2C(=O)O,GPXLMGHLHQJAGZ-JTDSTZFVSA-N,"InChI=1S/C21H22N2O5S/c1-4-28-13-10-9-11-7-5-6-8-12(11)14(13)17(24)22-15-18(25)23-16(20(26)27)21(2,3)29-19(15)23/h5-10,15-16,19H,4H2,1-3H3,(H,22,24)(H,26,27)/t15-,16+,19-/m1/s1",False,21.0,22.0,2.0,5.0,1.0,0.0,0.0,0.0,0.0,1.6812412373755872,2.3483048630481607
OXYTETRACYCLINE,4.0,460.44,185.0,728.0,-1.24,201.85,10.0,7.0,1.0,2.0,N,0.26,-4.5,-4.82,1.0,33.0,11.0,8.0,2.0,1.83,ACID,C22H24N2O9,CN(C)[C@@H]1C(O)=C(C(N)=O)C(=O)[C@@]2(O)C(O)=C3C(=O)c4c(O)cccc4[C@@](C)(O)[C@H]3[C@H](O)[C@@H]12,IWVCMVBTMGNXQD-PXOLEDIWSA-N,"InChI=1S/C22H24N2O9/c1-21(32)7-5-4-6-8(25)9(7)15(26)10-12(21)17(28)13-14(24(2)3)16(27)11(20(23)31)19(30)22(13,33)18(10)29/h4-6,12-14,17,25,27-29,32-33H,1-3H3,(H2,23,31)/t12-,13-,14+,17+,21-,22+/m1/s1",False,22.0,24.0,2.0,9.0,0.0,0.0,0.0,0.0,0.0,2.2671717284030137,2.862131379313037
AMPICILLIN,4.0,349.41,534.0,7551.0,0.32,112.73,5.0,3.0,0.0,4.0,N,0.67,-2.0,-2.36,1.0,24.0,7.0,4.0,0.0,0.74,ACID,C16H19N3O4S,CC1(C)S[C@@H]2[C@H](NC(=O)[C@H](N)c3ccccc3)C(=O)N2[C@H]1C(=O)O,AVKUERGKIZMTKX-NJBDSQKTSA-N,"InChI=1S/C16H19N3O4S/c1-16(2)11(15(22)23)19-13(21)10(14(19)24-16)18-12(20)9(17)8-6-4-3-5-7-8/h3-7,9-11,14H,17H2,1-2H3,(H,18,20)(H,22,23)/t9-,10-,11+,14-/m1/s1",False,16.0,19.0,3.0,4.0,1.0,0.0,0.0,0.0,0.0,2.727541257028556,3.878004470268025
SULFAMETOMIDINE,2.0,294.34,3.0,8.0,1.18,107.2,6.0,2.0,0.0,4.0,N,0.82,1.39,1.02,2.0,20.0,7.0,3.0,0.0,-1.69,NEUTRAL,C12H14N4O3S,COc1cc(NS(=O)(=O)c2ccc(N)cc2)nc(C)n1,QKLSCPPJEVXONT-UHFFFAOYSA-N,"InChI=1S/C12H14N4O3S/c1-8-14-11(7-12(15-8)19-2)16-20(17,18)10-5-3-9(13)4-6-10/h3-7H,13H2,1-2H3,(H,14,15,16)",False,12.0,14.0,4.0,3.0,1.0,0.0,0.0,0.0,0.0,0.47712125471966244,0.9030899869919435
ROKITAMYCIN,2.0,828.01,35.0,75.0,3.16,206.05,16.0,3.0,2.0,13.0,N,0.14,3.63,3.01,0.0,58.0,16.0,3.0,2.0,2.07,NEUTRAL,C42H69NO15,CCCC(=O)O[C@H]1[C@H](C)O[C@@H](O[C@H]2[C@H](N(C)C)[C@@H](O)[C@H](O[C@H]3[C@@H](CC=O)C[C@@H](C)[C@@H](O)/C=C/C=C/C[C@@H](C)OC(=O)C[C@@H](O)[C@@H]3OC)O[C@@H]2C)C[C@@]1(C)OC(=O)CC,VYWWNRMSAPEJLS-MDWYKHENSA-N,"InChI=1S/C42H69NO15/c1-11-16-32(48)55-40-27(6)53-34(23-42(40,7)58-31(47)12-2)56-37-26(5)54-41(36(50)35(37)43(8)9)57-38-28(19-20-44)21-24(3)29(45)18-15-13-14-17-25(4)52-33(49)22-30(46)39(38)51-10/h13-15,18,20,24-30,34-41,45-46,50H,11-12,16-17,19,21-23H2,1-10H3/b14-13+,18-15+/t24-,25-,26-,27+,28+,29+,30-,34+,35-,36-,37-,38+,39+,40+,41+,42-/m1/s1",False,42.0,69.0,1.0,15.0,0.0,0.0,0.0,0.0,0.0,1.5440680443502757,1.8750612633917
ICLAPRIM,3.0,354.41,28.0,248.0,2.43,105.51,7.0,2.0,0.0,5.0,N,0.85,2.49,2.3,2.0,26.0,7.0,4.0,0.0,1.08,NEUTRAL,C19H22N4O3,COc1cc(Cc2cnc(N)nc2N)c2c(c1OC)OC(C1CC1)C=C2,HWJPWWYTGBZDEG-UHFFFAOYSA-N,"InChI=1S/C19H22N4O3/c1-24-15-8-11(7-12-9-22-19(21)23-18(12)20)13-5-6-14(10-3-4-10)26-16(13)17(15)25-2/h5-6,8-10,14H,3-4,7H2,1-2H3,(H4,20,21,22,23)",False,19.0,22.0,4.0,3.0,0.0,0.0,0.0,0.0,0.0,1.4471580313422192,2.3944516808262164
JOSAMYCIN,3.0,828.01,77.0,178.0,3.01,206.05,16.0,3.0,2.0,12.0,N,0.15,3.22,2.6,0.0,58.0,16.0,3.0,2.0,2.14,NEUTRAL,C42H69NO15,CO[C@@H]1[C@@H](O[C@@H]2O[C@H](C)[C@@H](O[C@H]3C[C@@](C)(O)[C@@H](OC(=O)CC(C)C)[C@H](C)O3)[C@H](N(C)C)[C@H]2O)[C@@H](CC=O)C[C@@H](C)[C@@H](O)/C=C/C=C/C[C@@H](C)OC(=O)C[C@H]1OC(C)=O,XJSFLOJWULLJQS-NGVXBBESSA-N,"InChI=1S/C42H69NO15/c1-23(2)19-32(47)56-40-27(6)53-34(22-42(40,8)50)57-37-26(5)54-41(36(49)35(37)43(9)10)58-38-29(17-18-44)20-24(3)30(46)16-14-12-13-15-25(4)52-33(48)21-31(39(38)51-11)55-28(7)45/h12-14,16,18,23-27,29-31,34-41,46,49-50H,15,17,19-22H2,1-11H3/b13-12+,16-14+/t24-,25-,26-,27+,29+,30+,31-,34+,35-,36-,37-,38+,39+,40+,41+,42-/m1/s1",False,42.0,69.0,1.0,15.0,0.0,0.0,0.0,0.0,0.0,1.8864907251724818,2.250420002308894
CEFAMANDOLE,4.0,462.51,109.0,263.0,-0.23,150.54,10.0,3.0,0.0,7.0,N,0.37,0.03,-3.43,2.0,31.0,11.0,3.0,1.0,-1.02,ACID,C18H18N6O5S2,Cn1nnnc1SCC1=C(C(=O)O)N2C(=O)[C@@H](NC(=O)[C@H](O)c3ccccc3)[C@H]2SC1,OLVCFLKTBJRLHI-AXAPSJFSSA-N,"InChI=1S/C18H18N6O5S2/c1-23-18(20-21-22-23)31-8-10-7-30-16-11(15(27)24(16)12(10)17(28)29)19-14(26)13(25)9-5-3-2-4-6-9/h2-6,11,13,16,25H,7-8H2,1H3,(H,19,26)(H,28,29)/t11-,13-,16-/m1/s1",False,18.0,18.0,6.0,5.0,2.0,0.0,0.0,0.0,0.0,2.037426497940624,2.419955748489758
NIFURTOINOL,2.0,268.19,3.0,22.0,-0.26,129.49,7.0,1.0,0.0,4.0,N,0.35,-0.58,-0.58,1.0,19.0,10.0,1.0,0.0,-1.34,NEUTRAL,C9H8N4O6,O=C1CN(/N=C/c2ccc([N+](=O)[O-])o2)C(=O)N1CO,UIDWQGRXEVDFCA-XCVCLJGOSA-N,"InChI=1S/C9H8N4O6/c14-5-11-7(15)4-12(9(11)16)10-3-6-1-2-8(19-6)13(17)18/h1-3,14H,4-5H2/b10-3+",False,9.0,8.0,4.0,6.0,0.0,0.0,0.0,0.0,0.0,0.47712125471966244,1.3424226808222062
SULBENICILLIN,2.0,414.46,6.0,47.0,0.25,141.08,6.0,3.0,0.0,5.0,N,0.46,0.38,-5.45,1.0,27.0,9.0,3.0,0.0,0.53,ACID,C16H18N2O7S2,CC1(C)S[C@@H]2[C@H](NC(=O)C(c3ccccc3)S(=O)(=O)O)C(=O)N2[C@H]1C(=O)O,JETQIUPBHQNHNZ-OAYJICASSA-N,"InChI=1S/C16H18N2O7S2/c1-16(2)11(15(21)22)18-13(20)9(14(18)26-16)17-12(19)10(27(23,24)25)8-6-4-3-5-7-8/h3-7,9-11,14H,1-2H3,(H,17,19)(H,21,22)(H,23,24,25)/t9-,10?,11+,14-/m1/s1",False,16.0,18.0,2.0,7.0,2.0,0.0,0.0,0.0,0.0,0.7781512503836436,1.6720978579357175
CEFEPIME,4.0,480.57,197.0,3524.0,-1.28,150.04,10.0,2.0,0.0,7.0,N,0.21,-4.22,-3.45,1.0,32.0,11.0,3.0,1.0,-0.11,ACID,C19H24N6O5S2,CO/N=C(\C(=O)N[C@@H]1C(=O)N2C(C(=O)[O-])=C(C[N+]3(C)CCCC3)CS[C@H]12)c1csc(N)n1,HVFLCNVBZFFHBT-ZKDACBOMSA-N,"InChI=1S/C19H24N6O5S2/c1-25(5-3-4-6-25)7-10-8-31-17-13(16(27)24(17)14(10)18(28)29)22-15(26)12(23-30-2)11-9-32-19(20)21-11/h9,13,17H,3-8H2,1-2H3,(H3-,20,21,22,26,28,29)/b23-12-/t13-,17-/m1/s1",False,19.0,24.0,6.0,5.0,2.0,0.0,0.0,0.0,0.0,2.294466226161593,3.54703589974001
GEMIFLOXACIN,4.0,389.39,94.0,789.0,0.97,123.04,8.0,2.0,0.0,5.0,N,0.73,-0.91,-0.91,2.0,28.0,9.0,3.0,0.0,-0.47,ZWITTERION,C18H20FN5O4,CO/N=C1\CN(c2nc3c(cc2F)c(=O)c(C(=O)O)cn3C2CC2)CC1CN,ZRCVYEYHRGVLOC-HYARGMPZSA-N,"InChI=1S/C18H20FN5O4/c1-28-22-14-8-23(6-9(14)5-20)17-13(19)4-11-15(25)12(18(26)27)7-24(10-2-3-10)16(11)21-17/h4,7,9-10H,2-3,5-6,8,20H2,1H3,(H,26,27)/b22-14+",False,18.0,20.0,5.0,4.0,0.0,1.0,0.0,0.0,0.0,1.9731278535996986,2.89707700320942
TRIMETHOPRIM,4.0,290.32,308.0,2103.0,1.26,105.51,7.0,2.0,0.0,5.0,N,0.85,1.28,1.1,2.0,21.0,7.0,4.0,0.0,0.07,NEUTRAL,C14H18N4O3,COc1cc(Cc2cnc(N)nc2N)cc(OC)c1OC,IEDVJHCEMCRBQM-UHFFFAOYSA-N,"InChI=1S/C14H18N4O3/c1-19-10-5-8(6-11(20-2)12(10)21-3)4-9-7-17-14(16)18-13(9)15/h5-7H,4H2,1-3H3,(H4,15,16,17,18)",False,14.0,18.0,4.0,3.0,0.0,0.0,0.0,0.0,0.0,2.4885507165004443,3.322839272686321
CEPHRADINE,4.0,349.41,86.0,186.0,0.35,112.73,5.0,3.0,0.0,4.0,N,0.5,-2.45,-2.64,0.0,24.0,7.0,4.0,0.0,0.93,ACID,C16H19N3O4S,CC1=C(C(=O)O)N2C(=O)[C@@H](NC(=O)[C@H](N)C3=CCC=CC3)[C@H]2SC1,RDLPVSKMFDYCOR-UEKVPHQBSA-N,"InChI=1S/C16H19N3O4S/c1-8-7-24-15-11(14(21)19(15)12(8)16(22)23)18-13(20)10(17)9-5-3-2-4-6-9/h2-3,6,10-11,15H,4-5,7,17H2,1H3,(H,18,20)(H,22,23)/t10-,11-,15-/m1/s1",False,16.0,19.0,3.0,4.0,1.0,0.0,0.0,0.0,0.0,1.9344984512435677,2.2695129442179165
CEFOTETAN,4.0,575.63,131.0,397.0,-1.4,219.93,14.0,4.0,2.0,9.0,N,0.07,-0.38,-7.1,1.0,36.0,15.0,5.0,2.0,-0.72,ACID,C17H17N7O8S4,CO[C@@]1(NC(=O)C2SC(=C(C(N)=O)C(=O)O)S2)C(=O)N2C(C(=O)O)=C(CSc3nnnn3C)CS[C@@H]21,SRZNHPXWXCNNDU-IXOPCIAXSA-N,"InChI=1S/C17H17N7O8S4/c1-23-16(20-21-22-23)34-4-5-3-33-15-17(32-2,14(31)24(15)7(5)11(29)30)19-9(26)13-35-12(36-13)6(8(18)25)10(27)28/h13,15H,3-4H2,1-2H3,(H2,18,25)(H,19,26)(H,27,28)(H,29,30)/b12-6-/t13?,15-,17+/m1/s1",False,17.0,17.0,7.0,8.0,4.0,0.0,0.0,0.0,0.0,2.1172712956557644,2.598790506763115
AZITHROMYCIN,4.0,749.0,285.0,3600.0,1.9,180.08,14.0,5.0,2.0,7.0,N,0.24,2.44,-1.23,0.0,52.0,14.0,5.0,2.0,1.85,BASE,C38H72N2O12,CC[C@H]1OC(=O)[C@H](C)[C@@H](O[C@H]2C[C@@](C)(OC)[C@@H](O)[C@H](C)O2)[C@H](C)[C@@H](O[C@@H]2O[C@H](C)C[C@H](N(C)C)[C@H]2O)[C@](C)(O)C[C@@H](C)CN(C)[C@H](C)[C@@H](O)[C@]1(C)O,MQTOSJVFKKJCRP-BICOPXKESA-N,"InChI=1S/C38H72N2O12/c1-15-27-38(10,46)31(42)24(6)40(13)19-20(2)17-36(8,45)33(52-35-29(41)26(39(11)12)16-21(3)48-35)22(4)30(23(5)34(44)50-27)51-28-18-37(9,47-14)32(43)25(7)49-28/h20-33,35,41-43,45-46H,15-19H2,1-14H3/t20-,21-,22+,23-,24-,25+,26+,27-,28+,29-,30+,31-,32+,33-,35+,36-,37-,38-/m1/s1",False,38.0,72.0,2.0,12.0,0.0,0.0,0.0,0.0,0.0,2.45484486000851,3.5563025007672873
STREPTOMYCIN,4.0,581.58,295.0,3061.0,-8.16,336.43,15.0,12.0,3.0,9.0,N,0.07,-7.06,-11.79,0.0,40.0,19.0,16.0,3.0,1.77,BASE,C21H39N7O12,CN[C@@H]1[C@H](O[C@H]2[C@H](O[C@H]3[C@H](O)[C@@H](O)[C@H](N=C(N)N)[C@@H](O)[C@@H]3N=C(N)N)O[C@@H](C)[C@]2(O)C=O)O[C@@H](CO)[C@H](O)[C@H]1O,UCSJYZPVAKXKNQ-HZYVHMACSA-N,"InChI=1S/C21H39N7O12/c1-5-21(36,4-30)16(40-17-9(26-2)13(34)10(31)6(3-29)38-17)18(37-5)39-15-8(28-20(24)25)11(32)7(27-19(22)23)12(33)14(15)35/h4-18,26,29,31-36H,3H2,1-2H3,(H4,22,23,27)(H4,24,25,28)/t5-,6-,7+,8-,9-,10-,11+,12-,13-,14+,15+,16-,17-,18-,21+/m0/s1",False,21.0,39.0,7.0,12.0,0.0,0.0,0.0,0.0,0.0,2.469822015978163,3.4858633295973345
PLAZOMICIN,4.0,592.69,27.0,300.0,-5.36,269.29,15.0,11.0,3.0,13.0,N,0.09,-6.1,-14.22,0.0,41.0,16.0,14.0,3.0,1.7,BASE,C25H48N6O10,CN[C@@H]1[C@@H](O)[C@@H](O[C@@H]2[C@@H](O)[C@H](O[C@H]3OC(CNCCO)=CC[C@H]3N)[C@@H](N)C[C@H]2NC(=O)[C@@H](O)CCN)OC[C@]1(C)O,IYDYFVUFSPQPPV-PEXOCOHZSA-N,"InChI=1S/C25H48N6O10/c1-25(37)11-38-24(18(35)21(25)29-2)41-20-15(31-22(36)16(33)5-6-26)9-14(28)19(17(20)34)40-23-13(27)4-3-12(39-23)10-30-7-8-32/h3,13-21,23-24,29-30,32-35,37H,4-11,26-28H2,1-2H3,(H,31,36)/t13-,14+,15-,16+,17+,18-,19-,20+,21-,23-,24-,25+/m1/s1",False,25.0,48.0,6.0,10.0,0.0,0.0,0.0,0.0,0.0,1.4313637641589874,2.4771212547196626
SULFATHIOUREA,2.0,231.3,2.0,2.0,-0.21,98.21,4.0,3.0,0.0,2.0,N,0.48,0.3,-0.5,1.0,14.0,5.0,5.0,0.0,-1.29,ACID,C7H9N3O2S2,NC(=S)NS(=O)(=O)c1ccc(N)cc1,UEMLYRZWLVXWRU-UHFFFAOYSA-N,"InChI=1S/C7H9N3O2S2/c8-5-1-3-6(4-2-5)14(11,12)10-7(9)13/h1-4H,8H2,(H3,9,10,13)",False,7.0,9.0,3.0,2.0,2.0,0.0,0.0,0.0,0.0,0.3010299956639812,0.3010299956639812
NEMONOXACIN,3.0,371.44,17.0,440.0,2.22,97.79,6.0,2.0,0.0,4.0,N,0.86,-0.44,-0.44,2.0,27.0,7.0,3.0,0.0,-0.14,ZWITTERION,C20H25N3O4,COc1c(N2C[C@@H](C)C[C@H](N)C2)ccc2c(=O)c(C(=O)O)cn(C3CC3)c12,AVPQPGFLVZTJOR-RYUDHWBXSA-N,"InChI=1S/C20H25N3O4/c1-11-7-12(21)9-22(8-11)16-6-5-14-17(19(16)27-2)23(13-3-4-13)10-15(18(14)24)20(25)26/h5-6,10-13H,3-4,7-9,21H2,1-2H3,(H,25,26)/t11-,12-/m0/s1",False,20.0,25.0,3.0,4.0,0.0,0.0,0.0,0.0,0.0,1.2304489213782739,2.6434526764861874
GATIFLOXACIN,4.0,375.4,308.0,2559.0,1.98,83.8,6.0,2.0,0.0,4.0,N,0.85,-0.61,-0.61,2.0,27.0,7.0,2.0,0.0,-0.22,ZWITTERION,C19H22FN3O4,COc1c(N2CCNC(C)C2)c(F)cc2c(=O)c(C(=O)O)cn(C3CC3)c12,XUBOMFCQGDBHNK-UHFFFAOYSA-N,"InChI=1S/C19H22FN3O4/c1-10-8-22(6-5-21-10)16-14(20)7-12-15(18(16)27-2)23(11-3-4-11)9-13(17(12)24)19(25)26/h7,9-11,21H,3-6,8H2,1-2H3,(H,25,26)",True,19.0,22.0,3.0,4.0,0.0,1.0,0.0,0.0,0.0,2.4885507165004443,3.4080702858871854
BRODIMOPRIM,2.0,339.19,11.0,33.0,2.01,96.28,6.0,2.0,0.0,4.0,N,0.88,2.21,2.02,2.0,20.0,6.0,4.0,0.0,-0.13,NEUTRAL,C13H15BrN4O2,COc1cc(Cc2cnc(N)nc2N)cc(OC)c1Br,BFCRRLMMHNLSCP-UHFFFAOYSA-N,"InChI=1S/C13H15BrN4O2/c1-19-9-4-7(5-10(20-2)11(9)14)3-8-6-17-13(16)18-12(8)15/h4-6H,3H2,1-2H3,(H4,15,16,17,18)",False,13.0,15.0,4.0,2.0,0.0,0.0,0.0,0.0,1.0,1.0413926851582251,1.5185139398778875
SULFAMETHIZOLE,4.0,270.34,151.0,439.0,1.23,97.97,6.0,2.0,0.0,3.0,N,0.82,0.21,-0.36,2.0,17.0,6.0,3.0,0.0,-2.2,NEUTRAL,C9H10N4O2S2,Cc1nnc(NS(=O)(=O)c2ccc(N)cc2)s1,VACCAVUAMIDAGB-UHFFFAOYSA-N,"InChI=1S/C9H10N4O2S2/c1-6-11-12-9(16-6)13-17(14,15)8-4-2-7(10)3-5-8/h2-5H,10H2,1H3,(H,12,13)",False,9.0,10.0,4.0,2.0,2.0,0.0,0.0,0.0,0.0,2.1789769472931693,2.6424645202421213
SULFAMETHOXAZOLE,4.0,253.28,214.0,1309.0,1.37,98.22,5.0,2.0,0.0,3.0,N,0.8,0.79,0.0,2.0,17.0,6.0,3.0,0.0,-2.12,ACID,C10H11N3O3S,Cc1cc(NS(=O)(=O)c2ccc(N)cc2)no1,JLKIGFTWXXRPMT-UHFFFAOYSA-N,"InChI=1S/C10H11N3O3S/c1-7-6-10(12-16-7)13-17(14,15)9-4-2-8(11)3-5-9/h2-6H,11H2,1H3,(H,12,13)",False,10.0,11.0,3.0,3.0,1.0,0.0,0.0,0.0,0.0,2.330413773349191,3.116939646550756
SPECTINOMYCIN,4.0,332.35,159.0,607.0,-2.93,129.51,9.0,5.0,0.0,2.0,N,0.36,-2.2,-3.09,0.0,23.0,9.0,5.0,0.0,2.43,BASE,C14H24N2O7,CN[C@@H]1[C@H](O)[C@H](NC)[C@H]2O[C@@]3(O)C(=O)C[C@@H](C)O[C@H]3O[C@@H]2[C@H]1O,UNFWWIHTNXNPBV-WXKVUWSESA-N,"InChI=1S/C14H24N2O7/c1-5-4-6(17)14(20)13(21-5)22-12-10(19)7(15-2)9(18)8(16-3)11(12)23-14/h5,7-13,15-16,18-20H,4H2,1-3H3/t5-,7-,8+,9+,10+,11-,12-,13+,14+/m1/s1",False,14.0,24.0,2.0,7.0,0.0,0.0,0.0,0.0,0.0,2.2013971243204513,2.7831886910752575
CARBENICILLIN,4.0,378.41,106.0,428.0,0.49,124.01,5.0,3.0,0.0,5.0,N,0.5,0.82,-5.91,1.0,26.0,8.0,3.0,0.0,0.62,ACID,C17H18N2O6S,CC1(C)S[C@@H]2[C@H](NC(=O)C(C(=O)O)c3ccccc3)C(=O)N2[C@H]1C(=O)O,FPPNZSSZRUTDAP-UWFZAAFLSA-N,"InChI=1S/C17H18N2O6S/c1-17(2)11(16(24)25)19-13(21)10(14(19)26-17)18-12(20)9(15(22)23)8-6-4-3-5-7-8/h3-7,9-11,14H,1-2H3,(H,18,20)(H,22,23)(H,24,25)/t9?,10-,11+,14-/m1/s1",False,17.0,18.0,2.0,6.0,1.0,0.0,0.0,0.0,0.0,2.0253058652647704,2.6314437690131722
CEFMETAZOLE,4.0,471.55,172.0,552.0,-0.73,163.33,12.0,2.0,1.0,9.0,N,0.2,-0.65,-4.1,1.0,30.0,12.0,2.0,1.0,-1.4,ACID,C15H17N7O5S3,CO[C@@]1(NC(=O)CSCC#N)C(=O)N2C(C(=O)O)=C(CSc3nnnn3C)CS[C@@H]21,SNBUBQHDYVFSQF-HIFRSBDPSA-N,"InChI=1S/C15H17N7O5S3/c1-21-14(18-19-20-21)30-6-8-5-29-13-15(27-2,17-9(23)7-28-4-3-16)12(26)22(13)10(8)11(24)25/h13H,4-7H2,1-2H3,(H,17,23)(H,24,25)/t13-,15+/m1/s1",False,15.0,17.0,7.0,5.0,3.0,0.0,0.0,0.0,0.0,2.2355284469075487,2.741939077729199
SOLITHROMYCIN,3.0,845.02,12.0,44.0,4.6,197.87,15.0,2.0,2.0,11.0,N,0.14,5.76,5.3,2.0,60.0,16.0,3.0,2.0,0.53,NEUTRAL,C43H65FN6O10,CC[C@H]1OC(=O)[C@@](C)(F)C(=O)[C@H](C)[C@@H](O[C@@H]2O[C@H](C)C[C@H](N(C)C)[C@H]2O)[C@](C)(OC)C[C@@H](C)C(=O)[C@H](C)[C@H]2N(CCCCn3cc(-c4cccc(N)c4)nn3)C(=O)O[C@]12C,IXXFZUPTQVDPPK-ZAWHAJPISA-N,"InChI=1S/C43H65FN6O10/c1-12-32-43(8)35(50(40(55)60-43)19-14-13-18-49-23-30(46-47-49)28-16-15-17-29(45)21-28)26(4)33(51)24(2)22-41(6,56-11)37(27(5)36(53)42(7,44)39(54)58-32)59-38-34(52)31(48(9)10)20-25(3)57-38/h15-17,21,23-27,31-32,34-35,37-38,52H,12-14,18-20,22,45H2,1-11H3/t24-,25-,26+,27+,31+,32-,34-,35-,37-,38+,41-,42+,43-/m1/s1",False,43.0,65.0,6.0,10.0,0.0,1.0,0.0,0.0,0.0,1.0791812460476249,1.6434526764861874
CEPHAPIRIN,4.0,423.47,65.0,116.0,0.48,125.9,8.0,2.0,0.0,7.0,N,0.37,-2.05,-4.17,1.0,28.0,9.0,2.0,0.0,-0.32,ACID,C17H17N3O6S2,CC(=O)OCC1=C(C(=O)O)N2C(=O)[C@@H](NC(=O)CSc3ccncc3)[C@H]2SC1,UQLLWWBDSUHNEB-CZUORRHYSA-N,"InChI=1S/C17H17N3O6S2/c1-9(21)26-6-10-7-28-16-13(15(23)20(16)14(10)17(24)25)19-12(22)8-27-11-2-4-18-5-3-11/h2-5,13,16H,6-8H2,1H3,(H,19,22)(H,24,25)/t13-,16-/m1/s1",False,17.0,17.0,3.0,6.0,2.0,0.0,0.0,0.0,0.0,1.8129133566428555,2.0644579892269186
PAZUFLOXACIN,3.0,318.3,86.0,145.0,1.74,94.55,5.0,2.0,0.0,2.0,N,0.88,-1.06,-1.09,2.0,23.0,6.0,3.0,0.0,0.41,ACID,C16H15FN2O4,C[C@H]1COc2c(C3(N)CC3)c(F)cc3c(=O)c(C(=O)O)cn1c23,XAGMUUZPGZWTRP-ZETCQYMHSA-N,"InChI=1S/C16H15FN2O4/c1-7-6-23-14-11(16(18)2-3-16)10(17)4-8-12(14)19(7)5-9(13(8)20)15(21)22/h4-5,7H,2-3,6,18H2,1H3,(H,21,22)/t7-/m0/s1",False,16.0,15.0,2.0,4.0,0.0,1.0,0.0,0.0,0.0,1.9344984512435677,2.161368002234975
CEFTIBUTEN,4.0,410.43,79.0,204.0,-0.05,162.92,8.0,4.0,0.0,6.0,N,0.37,-1.48,-6.83,1.0,27.0,10.0,5.0,0.0,0.09,ACID,C15H14N4O6S2,Nc1nc(/C(=C/CC(=O)O)C(=O)N[C@@H]2C(=O)N3C(C(=O)O)=CCS[C@H]23)cs1,UNJFKXSSGBWRBZ-BJCIPQKHSA-N,"InChI=1S/C15H14N4O6S2/c16-15-17-7(5-27-15)6(1-2-9(20)21)11(22)18-10-12(23)19-8(14(24)25)3-4-26-13(10)19/h1,3,5,10,13H,2,4H2,(H2,16,17)(H,18,22)(H,20,21)(H,24,25)/b6-1-/t10-,13-/m1/s1",False,15.0,14.0,4.0,6.0,2.0,0.0,0.0,0.0,0.0,1.8976270912904414,2.3096301674258988
OMADACYCLINE,4.0,556.66,91.0,176.0,1.32,176.66,10.0,6.0,2.0,6.0,N,0.28,-2.18,-2.25,1.0,40.0,11.0,7.0,3.0,0.9,ZWITTERION,C29H40N4O7,CN(C)c1cc(CNCC(C)(C)C)c(O)c2c1C[C@H]1C[C@H]3[C@H](N(C)C)C(O)=C(C(N)=O)C(=O)[C@@]3(O)C(O)=C1C2=O,JEECQCWWSTZDCK-IQZGDKDPSA-N,"InChI=1S/C29H40N4O7/c1-28(2,3)12-31-11-14-10-17(32(4)5)15-8-13-9-16-21(33(6)7)24(36)20(27(30)39)26(38)29(16,40)25(37)18(13)23(35)19(15)22(14)34/h10,13,16,21,31,34,36-37,40H,8-9,11-12H2,1-7H3,(H2,30,39)/t13-,16-,21-,29-/m0/s1",False,29.0,40.0,4.0,7.0,0.0,0.0,0.0,0.0,0.0,1.9590413923210936,2.24551266781415
CEPHACETRILE,2.0,339.33,67.0,100.0,-0.8,136.8,7.0,2.0,0.0,5.0,N,0.49,-1.78,-5.25,0.0,23.0,9.0,2.0,0.0,0.16,ACID,C13H13N3O6S,CC(=O)OCC1=C(C(=O)O)N2C(=O)[C@@H](NC(=O)CC#N)[C@H]2SC1,RRYMAQUWDLIUPV-BXKDBHETSA-N,"InChI=1S/C13H13N3O6S/c1-6(17)22-4-7-5-23-12-9(15-8(18)2-3-14)11(19)16(12)10(7)13(20)21/h9,12H,2,4-5H2,1H3,(H,15,18)(H,20,21)/t9-,12-/m1/s1",False,13.0,13.0,3.0,6.0,1.0,0.0,0.0,0.0,0.0,1.8260748027008264,2.0
CEFTRIAXONE,4.0,554.59,263.0,2703.0,-1.2,215.22,15.0,4.0,2.0,8.0,N,0.13,-1.0,-5.53,2.0,36.0,15.0,5.0,2.0,-0.64,ACID,C18H18N8O7S3,CO/N=C(\C(=O)N[C@@H]1C(=O)N2C(C(=O)O)=C(CSc3nc(=O)c(O)nn3C)CS[C@H]12)c1csc(N)n1,VAAUVRVFOQPIGI-SPQHTLEESA-N,"InChI=1S/C18H18N8O7S3/c1-25-18(22-12(28)13(29)23-25)36-4-6-3-34-15-9(14(30)26(15)10(6)16(31)32)21-11(27)8(24-33-2)7-5-35-17(19)20-7/h5,9,15H,3-4H2,1-2H3,(H2,19,20)(H,21,27)(H,23,29)(H,31,32)/b24-8-/t9-,15-/m1/s1",False,18.0,18.0,8.0,7.0,3.0,0.0,0.0,0.0,0.0,2.419955748489758,3.4318460456987254
CEFPODOXIME,4.0,427.46,78.0,250.0,-0.54,156.44,10.0,3.0,0.0,7.0,N,0.3,-1.27,-3.99,1.0,28.0,11.0,4.0,1.0,-0.13,ACID,C15H17N5O6S2,COCC1=C(C(=O)O)N2C(=O)[C@@H](NC(=O)/C(=N\OC)c3csc(N)n3)[C@H]2SC1,WYUSVOMTXWRGEK-HBWVYFAYSA-N,"InChI=1S/C15H17N5O6S2/c1-25-3-6-4-27-13-9(12(22)20(13)10(6)14(23)24)18-11(21)8(19-26-2)7-5-28-15(16)17-7/h5,9,13H,3-4H2,1-2H3,(H2,16,17)(H,18,21)(H,23,24)/b19-8-/t9-,13-/m1/s1",False,15.0,17.0,5.0,6.0,2.0,0.0,0.0,0.0,0.0,1.8920946026904804,2.3979400086720375
PEFLOXACIN,4.0,333.36,163.0,617.0,1.61,65.78,5.0,1.0,0.0,3.0,N,0.92,0.75,-0.02,2.0,24.0,6.0,1.0,0.0,-1.11,ACID,C17H20FN3O3,CCn1cc(C(=O)O)c(=O)c2cc(F)c(N3CCN(C)CC3)cc21,FHFYDNQZQSQIAI-UHFFFAOYSA-N,"InChI=1S/C17H20FN3O3/c1-3-20-10-12(17(23)24)16(22)11-8-13(18)15(9-14(11)20)21-6-4-19(2)5-7-21/h8-10H,3-7H2,1-2H3,(H,23,24)",False,17.0,20.0,3.0,3.0,0.0,1.0,0.0,0.0,0.0,2.2121876044039577,2.7902851640332416
MEZLOCILLIN,4.0,539.59,36.0,103.0,-0.23,173.5,8.0,3.0,1.0,6.0,N,0.41,-0.84,-4.22,1.0,36.0,13.0,3.0,2.0,-0.19,ACID,C21H25N5O8S2,CC1(C)S[C@@H]2[C@H](NC(=O)[C@H](NC(=O)N3CCN(S(C)(=O)=O)C3=O)c3ccccc3)C(=O)N2[C@H]1C(=O)O,YPBATNHYBCGSSN-VWPFQQQWSA-N,"InChI=1S/C21H25N5O8S2/c1-21(2)14(18(29)30)26-16(28)13(17(26)35-21)22-15(27)12(11-7-5-4-6-8-11)23-19(31)24-9-10-25(20(24)32)36(3,33)34/h4-8,12-14,17H,9-10H2,1-3H3,(H,22,27)(H,23,31)(H,29,30)/t12-,13-,14+,17-/m1/s1",False,21.0,25.0,5.0,8.0,2.0,0.0,0.0,0.0,0.0,1.5563025007672873,2.012837224705172
CEFPIRAMIDE,4.0,612.65,75.0,126.0,0.33,212.76,13.0,5.0,2.0,9.0,N,0.16,0.15,-2.91,3.0,42.0,15.0,5.0,2.0,-0.99,ACID,C25H24N8O7S2,Cc1cc(O)c(C(=O)N[C@@H](C(=O)N[C@@H]2C(=O)N3C(C(=O)O)=C(CSc4nnnn4C)CS[C@H]23)c2ccc(O)cc2)cn1,PWAUCHMQEXVFJR-PMAPCBKXSA-N,"InChI=1S/C25H24N8O7S2/c1-11-7-16(35)15(8-26-11)20(36)27-17(12-3-5-14(34)6-4-12)21(37)28-18-22(38)33-19(24(39)40)13(9-41-23(18)33)10-42-25-29-30-31-32(25)2/h3-8,17-18,23,34H,9-10H2,1-2H3,(H,26,35)(H,27,36)(H,28,37)(H,39,40)/t17-,18-,23-/m1/s1",False,25.0,24.0,8.0,7.0,2.0,0.0,0.0,0.0,0.0,1.8750612633917,2.100370545117563
CEFOZOPRAN,2.0,515.54,70.0,141.0,-2.49,184.11,13.0,2.0,2.0,7.0,N,0.15,-4.34,-4.63,3.0,35.0,14.0,3.0,2.0,-0.53,ACID,C19H17N9O5S2,CO/N=C(\C(=O)N[C@@H]1C(=O)N2C(C(=O)[O-])=C(C[n+]3ccn4ncccc43)CS[C@H]12)c1nsc(N)n1,QDUIJCOKQCCXQY-WHJQOFBOSA-N,"InChI=1S/C19H17N9O5S2/c1-33-24-11(14-23-19(20)35-25-14)15(29)22-12-16(30)28-13(18(31)32)9(8-34-17(12)28)7-26-5-6-27-10(26)3-2-4-21-27/h2-6,12,17H,7-8H2,1H3,(H3-,20,22,23,25,29,31,32)/b24-11-/t12-,17-/m1/s1",False,19.0,17.0,9.0,5.0,2.0,0.0,0.0,0.0,0.0,1.845098040014257,2.1492191126553797
SULFAPERIN,2.0,264.31,1.0,2.0,1.17,97.97,5.0,2.0,0.0,3.0,N,0.81,0.9,0.48,2.0,18.0,6.0,3.0,0.0,-1.45,NEUTRAL,C11H12N4O2S,Cc1cnc(NS(=O)(=O)c2ccc(N)cc2)nc1,DZQVFHSCSRACSX-UHFFFAOYSA-N,"InChI=1S/C11H12N4O2S/c1-8-6-13-11(14-7-8)15-18(16,17)10-4-2-9(12)3-5-10/h2-7H,12H2,1H3,(H,13,14,15)",False,11.0,12.0,4.0,2.0,1.0,0.0,0.0,0.0,0.0,0.0,0.3010299956639812
DEMECLOCYCLINE,4.0,464.86,81.0,143.0,0.26,181.62,9.0,6.0,1.0,2.0,N,0.33,-3.17,-3.61,1.0,32.0,10.0,7.0,1.0,1.56,ZWITTERION,C21H21ClN2O8,CN(C)[C@@H]1C(O)=C(C(N)=O)C(=O)[C@@]2(O)C(O)=C3C(=O)c4c(O)ccc(Cl)c4[C@@H](O)[C@H]3C[C@@H]12,FMTDIUIBLCQGJB-SEYHBJAFSA-N,"InChI=1S/C21H21ClN2O8/c1-24(2)14-7-5-6-10(16(27)12-9(25)4-3-8(22)11(12)15(6)26)18(29)21(7,32)19(30)13(17(14)28)20(23)31/h3-4,6-7,14-15,25-26,28-29,32H,5H2,1-2H3,(H2,23,31)/t6-,7-,14-,15-,21-/m0/s1",False,21.0,21.0,2.0,8.0,0.0,0.0,1.0,0.0,0.0,1.9084850188786497,2.155336037465062
OXACILLIN,4.0,401.44,112.0,1927.0,1.9,112.74,6.0,2.0,0.0,4.0,N,0.75,1.7,-1.59,2.0,28.0,8.0,2.0,0.0,-0.16,ACID,C19H19N3O5S,Cc1onc(-c2ccccc2)c1C(=O)N[C@@H]1C(=O)N2[C@@H]1SC(C)(C)[C@@H]2C(=O)O,UWYHMGVUTGAWSP-JKIFEVAISA-N,"InChI=1S/C19H19N3O5S/c1-9-11(12(21-27-9)10-7-5-4-6-8-10)15(23)20-13-16(24)22-14(18(25)26)19(2,3)28-17(13)22/h4-8,13-14,17H,1-3H3,(H,20,23)(H,25,26)/t13-,14+,17-/m1/s1",False,19.0,19.0,3.0,5.0,1.0,0.0,0.0,0.0,0.0,2.0492180226701815,3.284881714655453
LOMEFLOXACIN,4.0,351.35,194.0,1012.0,1.8,74.57,5.0,2.0,0.0,3.0,N,0.88,-0.42,-0.42,2.0,25.0,6.0,2.0,0.0,-0.53,ZWITTERION,C17H19F2N3O3,CCn1cc(C(=O)O)c(=O)c2cc(F)c(N3CCNC(C)C3)c(F)c21,ZEKZLJVOYLTDKK-UHFFFAOYSA-N,"InChI=1S/C17H19F2N3O3/c1-3-21-8-11(17(24)25)16(23)10-6-12(18)15(13(19)14(10)21)22-5-4-20-9(2)7-22/h6,8-9,20H,3-5,7H2,1-2H3,(H,24,25)",False,17.0,19.0,3.0,3.0,0.0,2.0,0.0,0.0,0.0,2.287801729930226,3.0051805125037805
RIBOSTAMYCIN,2.0,454.48,16.0,73.0,-6.65,262.38,14.0,10.0,2.0,6.0,N,0.18,-6.43,-11.28,0.0,31.0,14.0,14.0,2.0,1.5,BASE,C17H34N4O10,NC[C@H]1O[C@H](O[C@H]2[C@H](O[C@@H]3O[C@H](CO)[C@@H](O)[C@H]3O)[C@@H](O)[C@H](N)C[C@@H]2N)[C@H](N)[C@@H](O)[C@@H]1O,NSKGQURZWSPSBC-VVPCINPTSA-N,"InChI=1S/C17H34N4O10/c18-2-6-10(24)12(26)8(21)16(28-6)30-14-5(20)1-4(19)9(23)15(14)31-17-13(27)11(25)7(3-22)29-17/h4-17,22-27H,1-3,18-21H2/t4-,5+,6-,7-,8-,9+,10-,11-,12-,13-,14-,15-,16-,17+/m1/s1",False,17.0,34.0,4.0,10.0,0.0,0.0,0.0,0.0,0.0,1.2041199826559248,1.863322860120456
PHENETHICILLIN,4.0,364.42,8.0,12.0,1.09,95.94,5.0,2.0,0.0,5.0,N,0.76,1.33,-2.05,1.0,25.0,7.0,2.0,0.0,0.11,ACID,C17H20N2O5S,CC(Oc1ccccc1)C(=O)N[C@@H]1C(=O)N2[C@@H]1SC(C)(C)[C@@H]2C(=O)O,NONJJLVGHLVQQM-JHXYUMNGSA-N,"InChI=1S/C17H20N2O5S/c1-9(24-10-7-5-4-6-8-10)13(20)18-11-14(21)19-12(16(22)23)17(2,3)25-15(11)19/h4-9,11-12,15H,1-3H3,(H,18,20)(H,22,23)/t9?,11-,12+,15-/m1/s1",False,17.0,20.0,2.0,5.0,1.0,0.0,0.0,0.0,0.0,0.9030899869919435,1.0791812460476249
ORNIDAZOLE,4.0,219.63,57.0,110.0,0.7,81.19,5.0,1.0,0.0,4.0,N,0.46,0.26,0.26,1.0,14.0,6.0,1.0,0.0,-1.28,NEUTRAL,C7H10ClN3O3,Cc1ncc([N+](=O)[O-])n1CC(O)CCl,IPWKIXLWTCNBKN-UHFFFAOYSA-N,"InChI=1S/C7H10ClN3O3/c1-5-9-3-7(11(13)14)10(5)4-6(12)2-8/h3,6,12H,2,4H2,1H3",False,7.0,10.0,3.0,3.0,0.0,0.0,1.0,0.0,0.0,1.7558748556724915,2.041392685158225
FLOXACILLIN,4.0,453.88,76.0,153.0,2.69,112.74,6.0,2.0,0.0,4.0,N,0.68,2.44,-0.84,2.0,30.0,8.0,2.0,0.0,-0.62,ACID,C19H17ClFN3O5S,Cc1onc(-c2c(F)cccc2Cl)c1C(=O)N[C@@H]1C(=O)N2[C@@H]1SC(C)(C)[C@@H]2C(=O)O,UIOFUWFRIANQPC-JKIFEVAISA-N,"InChI=1S/C19H17ClFN3O5S/c1-7-10(12(23-29-7)11-8(20)5-4-6-9(11)21)15(25)22-13-16(26)24-14(18(27)28)19(2,3)30-17(13)24/h4-6,13-14,17H,1-3H3,(H,22,25)(H,27,28)/t13-,14+,17-/m1/s1",False,19.0,17.0,3.0,5.0,1.0,1.0,1.0,0.0,0.0,1.8808135922807914,2.184691430817599
DIRITHROMYCIN,4.0,835.09,43.0,58.0,2.2,196.33,16.0,5.0,2.0,12.0,N,0.14,2.95,0.46,0.0,58.0,16.0,5.0,2.0,1.41,BASE,C42H78N2O14,CC[C@H]1OC(=O)[C@H](C)[C@@H](O[C@H]2C[C@@](C)(OC)[C@@H](O)[C@H](C)O2)[C@H](C)[C@@H](O[C@@H]2O[C@H](C)C[C@H](N(C)C)[C@H]2O)[C@](C)(O)C[C@@H](C)[C@@H]2N[C@@H](COCCOC)O[C@H]([C@H]2C)[C@]1(C)O,WLOHNSSYAXHWNR-DWIOZXRMSA-N,"InChI=1S/C42H78N2O14/c1-15-29-42(10,49)37-24(4)32(43-30(56-37)21-52-17-16-50-13)22(2)19-40(8,48)36(58-39-33(45)28(44(11)12)18-23(3)53-39)25(5)34(26(6)38(47)55-29)57-31-20-41(9,51-14)35(46)27(7)54-31/h22-37,39,43,45-46,48-49H,15-21H2,1-14H3/t22-,23-,24+,25+,26-,27+,28+,29-,30-,31+,32+,33-,34+,35+,36-,37-,39+,40-,41-,42-/m1/s1",False,42.0,78.0,2.0,14.0,0.0,0.0,0.0,0.0,0.0,1.6334684555795864,1.7634279935629373
TICARCILLIN,4.0,384.44,94.0,911.0,0.55,124.01,6.0,3.0,0.0,5.0,N,0.5,0.6,-5.97,1.0,25.0,8.0,3.0,0.0,0.13,ACID,C15H16N2O6S2,CC1(C)S[C@@H]2[C@H](NC(=O)[C@H](C(=O)O)c3ccsc3)C(=O)N2[C@H]1C(=O)O,OHKOGUYZJXTSFX-KZFFXBSXSA-N,"InChI=1S/C15H16N2O6S2/c1-15(2)9(14(22)23)17-11(19)8(12(17)25-15)16-10(18)7(13(20)21)6-3-4-24-5-6/h3-5,7-9,12H,1-2H3,(H,16,18)(H,20,21)(H,22,23)/t7-,8-,9+,12-/m1/s1",False,15.0,16.0,2.0,6.0,2.0,0.0,0.0,0.0,0.0,1.9731278535996986,2.9595183769729982
CARBENICILLIN INDANYL,4.0,494.57,3.0,3.0,2.5,113.01,6.0,2.0,0.0,6.0,N,0.27,3.63,0.2,2.0,35.0,8.0,2.0,0.0,0.25,ACID,C26H26N2O6S,CC1(C)S[C@@H]2[C@H](NC(=O)C(C(=O)Oc3ccc4c(c3)CCC4)c3ccccc3)C(=O)N2[C@H]1C(=O)O,JIRBAUWICKGBFE-MNRDOXJOSA-N,"InChI=1S/C26H26N2O6S/c1-26(2)20(24(31)32)28-22(30)19(23(28)35-26)27-21(29)18(15-7-4-3-5-8-15)25(33)34-17-12-11-14-9-6-10-16(14)13-17/h3-5,7-8,11-13,18-20,23H,6,9-10H2,1-2H3,(H,27,29)(H,31,32)/t18?,19-,20+,23-/m1/s1",False,26.0,26.0,2.0,6.0,1.0,0.0,0.0,0.0,0.0,0.47712125471966244,0.47712125471966244
LINEZOLID,4.0,337.35,288.0,7205.0,1.12,71.11,5.0,1.0,0.0,4.0,N,0.89,0.64,0.64,1.0,24.0,7.0,1.0,0.0,-1.82,NEUTRAL,C16H20FN3O4,CC(=O)NC[C@H]1CN(c2ccc(N3CCOCC3)c(F)c2)C(=O)O1,TYZROVQLWOKYKF-ZDUSSCGKSA-N,"InChI=1S/C16H20FN3O4/c1-11(21)18-9-13-10-20(16(22)24-13)12-2-3-15(14(17)8-12)19-4-6-23-7-5-19/h2-3,8,13H,4-7,9-10H2,1H3,(H,18,21)/t13-/m0/s1",False,16.0,20.0,3.0,4.0,0.0,1.0,0.0,0.0,0.0,2.459392487759231,3.857633985150008
NITROXOLINE,2.0,190.16,119.0,281.0,1.85,76.26,4.0,1.0,0.0,1.0,N,0.55,1.77,1.15,2.0,14.0,5.0,1.0,0.0,-1.02,NEUTRAL,C9H6N2O3,O=[N+]([O-])c1ccc(O)c2ncccc12,RJIWZDNTCBHXAL-UHFFFAOYSA-N,"InChI=1S/C9H6N2O3/c12-8-4-3-7(11(13)14)6-2-1-5-10-9(6)8/h1-5,12H",False,9.0,6.0,2.0,3.0,0.0,0.0,0.0,0.0,0.0,2.0755469613925306,2.44870631990508
FUSIDIC ACID,4.0,516.72,85.0,550.0,5.67,104.06,5.0,3.0,2.0,5.0,N,0.25,4.42,1.58,0.0,37.0,6.0,3.0,2.0,3.08,ACID,C31H48O6,CC(=O)O[C@H]1C[C@@]2(C)[C@@H](C[C@@H](O)[C@H]3[C@@]4(C)CC[C@@H](O)[C@@H](C)[C@@H]4CC[C@@]32C)/C1=C(\CCC=C(C)C)C(=O)O,IECPWNUMDGFDKC-MZJAQBGESA-N,"InChI=1S/C31H48O6/c1-17(2)9-8-10-20(28(35)36)26-22-15-24(34)27-29(5)13-12-23(33)18(3)21(29)11-14-30(27,6)31(22,7)16-25(26)37-19(4)32/h9,18,21-25,27,33-34H,8,10-16H2,1-7H3,(H,35,36)/b26-20-/t18-,21-,22-,23+,24+,25-,27-,29-,30-,31-/m0/s1",False,31.0,48.0,0.0,6.0,0.0,0.0,0.0,0.0,0.0,1.9294189257142926,2.7403626894942437
BACAMPICILLIN,4.0,465.53,62.0,114.0,1.3,137.26,9.0,2.0,0.0,7.0,N,0.35,1.47,1.25,1.0,32.0,10.0,3.0,0.0,0.47,NEUTRAL,C21H27N3O7S,CCOC(=O)OC(C)OC(=O)[C@@H]1N2C(=O)[C@@H](NC(=O)[C@H](N)c3ccccc3)[C@H]2SC1(C)C,PFOLLRNADZZWEX-FFGRCDKISA-N,"InChI=1S/C21H27N3O7S/c1-5-29-20(28)31-11(2)30-19(27)15-21(3,4)32-18-14(17(26)24(15)18)23-16(25)13(22)12-9-7-6-8-10-12/h6-11,13-15,18H,5,22H2,1-4H3,(H,23,25)/t11?,13-,14-,15+,18-/m1/s1",False,21.0,27.0,3.0,7.0,1.0,0.0,0.0,0.0,0.0,1.792391689498254,2.0569048513364727
ERYTHROMYCIN,4.0,733.94,342.0,4515.0,1.79,193.91,14.0,5.0,2.0,7.0,N,0.24,2.6,1.57,0.0,51.0,14.0,5.0,2.0,1.89,NEUTRAL,C37H67NO13,CC[C@H]1OC(=O)[C@H](C)[C@@H](O[C@H]2C[C@@](C)(OC)[C@@H](O)[C@H](C)O2)[C@H](C)[C@@H](O[C@@H]2O[C@H](C)C[C@H](N(C)C)[C@H]2O)[C@](C)(O)C[C@@H](C)C(=O)[C@H](C)[C@@H](O)[C@]1(C)O,ULGZDMOVFRHVEP-RWJQBGPGSA-N,"InChI=1S/C37H67NO13/c1-14-25-37(10,45)30(41)20(4)27(39)18(2)16-35(8,44)32(51-34-28(40)24(38(11)12)15-19(3)47-34)21(5)29(22(6)33(43)49-25)50-26-17-36(9,46-13)31(42)23(7)48-26/h18-26,28-32,34,40-42,44-45H,14-17H2,1-13H3/t18-,19-,20+,21+,22-,23+,24+,25-,26+,28-,29+,30-,31+,32-,34+,35-,36-,37-/m1/s1",False,37.0,67.0,1.0,13.0,0.0,0.0,0.0,0.0,0.0,2.534026106056135,3.6546577546495245
MANDELIC ACID,4.0,152.15,21.0,29.0,0.8,57.53,2.0,2.0,0.0,2.0,Y,0.66,0.9,-2.39,1.0,11.0,3.0,2.0,0.0,0.37,ACID,C8H8O3,O=C(O)C(O)c1ccccc1,IWYDHOAUDWTVEP-UHFFFAOYSA-N,"InChI=1S/C8H8O3/c9-7(8(10)11)6-4-2-1-3-5-6/h1-5,7,9H,(H,10,11)",False,8.0,8.0,0.0,3.0,0.0,0.0,0.0,0.0,0.0,1.3222192947339193,1.462397997898956
SULFADIMETHOXINE,4.0,310.34,145.0,606.0,0.88,116.43,7.0,2.0,0.0,5.0,N,0.79,1.26,0.78,2.0,21.0,8.0,3.0,0.0,-1.52,NEUTRAL,C12H14N4O4S,COc1cc(NS(=O)(=O)c2ccc(N)cc2)nc(OC)n1,ZZORFUFYDOWNEF-UHFFFAOYSA-N,"InChI=1S/C12H14N4O4S/c1-19-11-7-10(14-12(15-11)20-2)16-21(17,18)9-5-3-8(13)4-6-9/h3-7H,13H2,1-2H3,(H,14,15,16)",True,12.0,14.0,4.0,4.0,1.0,0.0,0.0,0.0,0.0,2.161368002234975,2.782472624166286
ROLITETRACYCLINE,2.0,527.57,72.0,116.0,0.47,170.87,10.0,6.0,2.0,4.0,N,0.3,-2.81,-2.93,1.0,38.0,11.0,6.0,3.0,1.1,ACID,C27H33N3O8,CN(C)[C@@H]1C(O)=C(C(=O)NCN2CCCC2)C(=O)[C@@]2(O)C(O)=C3C(=O)c4c(O)cccc4[C@@](C)(O)[C@H]3C[C@@H]12,HMEYVGGHISAPJR-IAHYZSEUSA-N,"InChI=1S/C27H33N3O8/c1-26(37)13-7-6-8-16(31)17(13)21(32)18-14(26)11-15-20(29(2)3)22(33)19(24(35)27(15,38)23(18)34)25(36)28-12-30-9-4-5-10-30/h6-8,14-15,20,31,33-34,37-38H,4-5,9-12H2,1-3H3,(H,28,36)/t14-,15-,20-,26+,27-/m0/s1",False,27.0,33.0,3.0,8.0,0.0,0.0,0.0,0.0,0.0,1.8573324964312685,2.0644579892269186
PIPEMIDIC ACID,4.0,303.32,40.0,154.0,-0.08,100.35,7.0,2.0,0.0,3.0,N,0.82,-1.79,-1.8,2.0,22.0,8.0,2.0,0.0,-1.14,ZWITTERION,C14H17N5O3,CCn1cc(C(=O)O)c(=O)c2cnc(N3CCNCC3)nc21,JOHZPMXAZQZXHR-UHFFFAOYSA-N,"InChI=1S/C14H17N5O3/c1-2-18-8-10(13(21)22)11(20)9-7-16-14(17-12(9)18)19-5-3-15-4-6-19/h7-8,15H,2-6H2,1H3,(H,21,22)",False,14.0,17.0,5.0,3.0,0.0,0.0,0.0,0.0,0.0,1.6020599913279623,2.187520720836463
CEPHALOTHIN,4.0,396.45,214.0,2766.0,0.59,113.01,7.0,2.0,0.0,6.0,N,0.53,0.02,-3.38,1.0,26.0,8.0,2.0,0.0,-0.37,ACID,C16H16N2O6S2,CC(=O)OCC1=C(C(=O)O)N2C(=O)[C@@H](NC(=O)Cc3cccs3)[C@H]2SC1,XIURVHNZVLADCM-IUODEOHRSA-N,"InChI=1S/C16H16N2O6S2/c1-8(19)24-6-9-7-26-15-12(14(21)18(15)13(9)16(22)23)17-11(20)5-10-3-2-4-25-10/h2-4,12,15H,5-7H2,1H3,(H,17,20)(H,22,23)/t12-,15-/m1/s1",False,16.0,16.0,2.0,6.0,2.0,0.0,0.0,0.0,0.0,2.330413773349191,3.441852175773292
SULFANILAMIDE,4.0,172.21,197.0,1332.0,-0.08,86.18,3.0,2.0,0.0,1.0,N,0.58,-0.25,-0.25,1.0,11.0,4.0,4.0,0.0,-1.27,NEUTRAL,C6H8N2O2S,Nc1ccc(S(N)(=O)=O)cc1,FDDDEECHVMSUSB-UHFFFAOYSA-N,"InChI=1S/C6H8N2O2S/c7-5-1-3-6(4-2-5)11(8,9)10/h1-4H,7H2,(H2,8,9,10)",False,6.0,8.0,2.0,2.0,1.0,0.0,0.0,0.0,0.0,2.294466226161593,3.1245042248342823
BENZYLPENICILLIN,4.0,334.4,371.0,3978.0,0.86,86.71,4.0,2.0,0.0,4.0,N,0.8,1.08,-2.29,1.0,23.0,6.0,2.0,0.0,0.34,ACID,C16H18N2O4S,CC1(C)S[C@@H]2[C@H](NC(=O)Cc3ccccc3)C(=O)N2[C@H]1C(=O)O,JGSARLDLIJGVTE-MBNYWOFBSA-N,"InChI=1S/C16H18N2O4S/c1-16(2)12(15(21)22)18-13(20)11(14(18)23-16)17-10(19)8-9-6-4-3-5-7-9/h3-7,11-12,14H,8H2,1-2H3,(H,17,19)(H,21,22)/t11-,12+,14-/m1/s1",False,16.0,18.0,2.0,4.0,1.0,0.0,0.0,0.0,0.0,2.569373909615046,3.5996647787884166
HETACILLIN,4.0,389.48,9.0,29.0,1.41,89.95,5.0,2.0,0.0,3.0,N,0.76,0.06,-1.99,1.0,27.0,7.0,2.0,0.0,0.47,ACID,C19H23N3O4S,CC1(C)S[C@@H]2[C@H](N3C(=O)[C@@H](c4ccccc4)NC3(C)C)C(=O)N2[C@H]1C(=O)O,DXVUYOAEDJXBPY-NFFDBFGFSA-N,"InChI=1S/C19H23N3O4S/c1-18(2)13(17(25)26)21-15(24)12(16(21)27-18)22-14(23)11(20-19(22,3)4)10-8-6-5-7-9-10/h5-9,11-13,16,20H,1-4H3,(H,25,26)/t11-,12-,13+,16-/m1/s1",False,19.0,23.0,3.0,4.0,1.0,0.0,0.0,0.0,0.0,0.9542425094393249,1.462397997898956
NITROFURANTOIN,4.0,238.16,232.0,3248.0,0.07,118.05,6.0,1.0,0.0,3.0,N,0.35,-0.22,-0.28,1.0,17.0,9.0,1.0,0.0,-1.45,NEUTRAL,C8H6N4O5,O=C1CN(/N=C/c2ccc([N+](=O)[O-])o2)C(=O)N1,NXFQHRVNIOXGAQ-YCRREMRBSA-N,"InChI=1S/C8H6N4O5/c13-6-4-11(8(14)10-6)9-3-5-1-2-7(17-5)12(15)16/h1-3H,4H2,(H,10,13,14)/b9-3+",False,8.0,6.0,4.0,5.0,0.0,0.0,0.0,0.0,0.0,2.3654879848909,3.5116160205691376
